idx,section,scholar,title,found,best_url,all_pdf_urls,query_used
0,宗教學,涂爾幹（Émile Durkheim）,自殺論,Y,https://dn720006.ca.archive.org/0/items/english-collections-k-z/Suicide_%20A%20Study%20in%20Sociology%20-%20Emile%20Durkheim.pdf,https://dn720006.ca.archive.org/0/items/english-collections-k-z/Suicide_%20A%20Study%20in%20Sociology%20-%20Emile%20Durkheim.pdf|https://www.gacbe.ac.in/images/E%20books/Durkheim%20-%20Suicide%20-%20A%20study%20in%20sociology.pdf|https://raggeduniversity.co.uk/wp-content/uploads/2025/02/1_x_1_x_RoutledgeClassicsEmileDurkheimSuicideAStudyinSociologyRoutledge25.pdf,Suicide A Study in Sociology Durkheim filetype:pdf (retry-en)
1,宗教學,涂爾幹（Émile Durkheim）,社會分工論,Y,https://tpl.ncl.edu.tw/NclService/JournalContentDetail?SysId=A01038891,https://tpl.ncl.edu.tw/NclService/JournalContentDetail?SysId=A01038891|https://edujou.site.nthu.edu.tw/var/file/128/1128/img/1172/4-5.pdf|https://commons.m.wikimedia.org/wiki/File:NLC416-01jh001158-10730_社會分工論.pdf,"""社會分工論"" 涂爾幹 pdf 下載"
2,宗教學,雷蒙‧潘尼卡（Raimon Panikkar）,宇宙—神—人共融,N,,,The Cosmotheandric Experience Panikkar filetype:pdf (retry-en)
3,宗教學,雷蒙‧潘尼卡（Raimon Panikkar）,Hindu-Christian Theology,Y,https://cedejbiblioteca.unav.edu/web/centro-de-estudios-josemaria-escriva/biblioteca-virtual/high.raw?id=0000015537&name=00000001.original.pdf,https://cedejbiblioteca.unav.edu/web/centro-de-estudios-josemaria-escriva/biblioteca-virtual/high.raw?id=0000015537&name=00000001.original.pdf|https://gerardhallsm.wordpress.com/wp-content/uploads/2018/08/hall-panikkars-radical-trinity.pdf|https://dimmid.org/vertical/sites/x/uploads/Aguilar_on_Panikkar_PDF.pdf|https://www.jamesclarke.co/storage/extracts/raimon-panikkar-intro.pdf|https://www.redalyc.org/pdf/1910/191015362007.pdf|https://www.agustinosvalladolid.es/estudio/investigacion/estudioagustiniano/estudiofondos/estudio2009/estudio_2009_1_03.pdf|https://gerardhallsm.wordpress.com/wp-content/uploads/2019/07/hall_panikkarthesis_bibliography.pdf,"""Hindu-Christian Theology"" Raimon Panikkar filetype:pdf"
4,宗教學,雷蒙‧潘尼卡（Raimon Panikkar）,宗教對話,Y,http://www.rsd.fju.edu.tw/images/uploads/FJRS/26-08.pdf,http://www.rsd.fju.edu.tw/images/uploads/FJRS/26-08.pdf,"""宗教對話"" 雷蒙‧潘尼卡 pdf 下載"
5,宗教學,雷蒙‧潘尼卡（Raimon Panikkar）,不二論,Y,http://bemindful.weebly.com/uploads/1/4/2/3/14235552/dhamma_and_non-duality_v2.0_cht_.pdf,http://bemindful.weebly.com/uploads/1/4/2/3/14235552/dhamma_and_non-duality_v2.0_cht_.pdf,"""不二論"" 雷蒙‧潘尼卡 pdf 下載"
6,宗教學,穆勒（Friedrich Max Müller）,比較宗教學,Y,https://upload.wikimedia.org/wikipedia/commons/0/09/Introduction_To_The_Science_Of_Religion_(IA_IntroductionToTheScienceOfReligion).pdf,https://upload.wikimedia.org/wikipedia/commons/0/09/Introduction_To_The_Science_Of_Religion_(IA_IntroductionToTheScienceOfReligion).pdf,Introduction to the Science of Religion Max Muller filetype:pdf (retry-en)
7,宗教學,穆勒（Friedrich Max Müller）,Chips from a German Workshop,Y,"https://www.um.edu.mt/library/oar/bitstream/123456789/42903/1/Antae,_6(1)_-_A1.pdf","https://www.um.edu.mt/library/oar/bitstream/123456789/42903/1/Antae,_6(1)_-_A1.pdf|https://dl.icdst.org/pdfs/files4/35e611b823013374c4c085d33e7a2341.pdf|https://commons.m.wikimedia.org/wiki/File:Chips_From_A_German_Workshop_(IA_in.ernet.dli.2015.499148).pdf|https://commons.wikimedia.org/wiki/File:Chips_from_a_German_Workshop_(IA_chipsfromagerma02mlgoog).pdf","""Chips from a German Workshop"" Friedrich Max Müller filetype:pdf"
8,宗教學,穆勒（Friedrich Max Müller）,東方聖書,Y,https://ia801403.us.archive.org/11/items/in.ernet.dli.2015.177585/2015.177585.The-Sacred-Books-Of-The-East-Vol-I.pdf,https://ia801403.us.archive.org/11/items/in.ernet.dli.2015.177585/2015.177585.The-Sacred-Books-Of-The-East-Vol-I.pdf|https://upload.wikimedia.org/wikipedia/commons/f/f9/The_Sacred_Books_Of_The_East_Vol_VIII_(IA_sacredbooksofthe015782mbp).pdf|https://antilogicalism.com/wp-content/uploads/2021/04/50.SacredBooksEast.pdf|https://lakshminarayanlenasia.com/articles/The-Sacred-Books-of-the-East_Muller.pdf,Sacred Books of the East Max Muller filetype:pdf (retry-en)
9,宗教學,奧托（Rudolf Otto）,論神聖,Y,https://upload.wikimedia.org/wikipedia/commons/4/4b/Rudolf_Otto_(translated_by_Harvey)_-_The_Idea_of_the_Holy_-_An_Inquiry_into_the_Non-Rational_Factor_in_the_Idea_of_the_Divine_and_Its_Relation_to_the_Rational.pdf,https://upload.wikimedia.org/wikipedia/commons/4/4b/Rudolf_Otto_(translated_by_Harvey)_-_The_Idea_of_the_Holy_-_An_Inquiry_into_the_Non-Rational_Factor_in_the_Idea_of_the_Divine_and_Its_Relation_to_the_Rational.pdf|https://faculty.trinity.edu/mbrown/whatisreligion/PDF%20readings/Otto-Idea%20of%20the%20Holy.pdf|https://myweb.ttu.edu/jhowe/documents/Otto.pdf|https://www.qcc.cuny.edu/socialSciences/ppecorino/INTRO_TEXT/Chapter%203%20Religion/CH-3-Documents/ch3-The%20Idea%20of%20the%20Holy%20by%20Otto.pdf,The Idea of the Holy Rudolf Otto filetype:pdf (retry-en)
10,宗教學,奧托（Rudolf Otto）,The Idea of the Holy,Y,https://faculty.trinity.edu/mbrown/whatisreligion/PDF%20readings/Otto-Idea%20of%20the%20Holy.pdf,https://faculty.trinity.edu/mbrown/whatisreligion/PDF%20readings/Otto-Idea%20of%20the%20Holy.pdf|https://www.qcc.cuny.edu/socialSciences/ppecorino/INTRO_TEXT/Chapter%203%20Religion/CH-3-Documents/ch3-The%20Idea%20of%20the%20Holy%20by%20Otto.pdf|https://pu.edu.pk/images/journal/phill/pdf_files/The%20Idea%20of%20The%20Holy.pdf|https://myweb.ttu.edu/jhowe/documents/Otto.pdf|https://cdn.bookey.app/files/pdf/book/en/the-idea-of-the-holy.pdf|https://upload.wikimedia.org/wikipedia/commons/4/4b/Rudolf_Otto_(translated_by_Harvey)_-_The_Idea_of_the_Holy_-_An_Inquiry_into_the_Non-Rational_Factor_in_the_Idea_of_the_Divine_and_Its_Relation_to_the_Rational.pdf|https://commons.wikimedia.org/wiki/File:Rudolf_Otto_(translated_by_Harvey)_-_The_Idea_of_the_Holy_-_An_Inquiry_into_the_Non-Rational_Factor_in_the_Idea_of_the_Divine_and_Its_Relation_to_the_Rational.pdf,"""The Idea of the Holy"" Rudolf Otto filetype:pdf"
11,宗教學,沃克（Joachim Wach）,比較宗教學,Y,http://homepage.ntu.edu.tw/~tsaiyt/pdf/c-ntu-95-2-1.pdf,http://homepage.ntu.edu.tw/~tsaiyt/pdf/c-ntu-95-2-1.pdf,"""比較宗教學"" 沃克 pdf 下載"
12,宗教學,沃克（Joachim Wach）,Comparative Study of Religions,Y,"https://media.sabda.org/alkitab-2/Religion-Online.org%20Books/Wach,%20Joachim%20-%20Essays%20in%20the%20History%20of%20Religions.pdf","https://media.sabda.org/alkitab-2/Religion-Online.org%20Books/Wach,%20Joachim%20-%20Essays%20in%20the%20History%20of%20Religions.pdf|https://lib.manaraa.com/books/JOACHIM%20WACH%20AND%20THE%20COMPARATIVE%20STUDY%20OF%20RELIGION%20A%20TEST%20OF%20HIS%20METHODOLOGY%20FOR%20THE%20COMPARATIVE%20STUDY%20OF%20RELIGIOUS%20THOUGHT%20IN%20THE%20CONTEXT%20OF%20HIS%20GENERAL%20APPROACH%20TO%20THE%20COMPARATIVE%20STUDY%20OF%20RELIGION.pdf","""Comparative Study of Religions"" Joachim Wach filetype:pdf"
13,宗教學,斯馬特（Ninian Smart）,Worldviews,Y,https://scholarsarchive.byu.edu/cgi/viewcontent.cgi?article=1469&context=ccr,https://scholarsarchive.byu.edu/cgi/viewcontent.cgi?article=1469&context=ccr|https://img1.wsimg.com/blobby/go/e4ad6e04-69d1-4aa9-ba9f-c194e0ac5eef/downloads/the_worlds_religions_ninian_smart.pdf|https://link.springer.com/content/pdf/10.1007/BF02786040.pdf|https://www.tparents.org/Library/Unification/Talks1/Smart/Smart-190107.pdf,"""Worldviews"" Ninian Smart filetype:pdf"
14,宗教學,斯馬特（Ninian Smart）,Dimensions of the Sacred,Y,https://scholarsarchive.byu.edu/cgi/viewcontent.cgi?article=1469&context=ccr,https://scholarsarchive.byu.edu/cgi/viewcontent.cgi?article=1469&context=ccr|https://newseumed.org/sites/default/files/2020-11/download-RFC-Smart-0520207777-1-25.pdf|https://dkodaj.net/pdf/otto/Smart%20%5B1996%5D%20Dimensions%20of%20the%20Sacred.pdf,"""Dimensions of the Sacred"" Ninian Smart filetype:pdf"
15,社會學,齊美爾（Georg Simmel）,貨幣哲學,Y,https://dywh.sicnu.edu.cn/files/dywh/news/635016182322753750.pdf,https://dywh.sicnu.edu.cn/files/dywh/news/635016182322753750.pdf|https://www.cuhk.edu.hk/ics/21c/media/articles/c065-200105042.pdf,"""貨幣哲學"" 齊美爾 pdf 下載"
16,社會學,齊美爾（Georg Simmel）,The Philosophy of Money,Y,https://mason.gmu.edu/~rwagner/SimmelMoney.pdf,https://mason.gmu.edu/~rwagner/SimmelMoney.pdf|https://cdn.bookey.app/files/pdf/book/en/the-philosophy-of-money.pdf|https://www.eddiejackson.net/web_documents/Philosophy%20of%20Money.pdf|https://polish-sociological-review.eu/pdf-119061-47825?filename=Georg+Simmel_s+The.pdf,"""The Philosophy of Money"" Georg Simmel filetype:pdf"
17,社會學,齊美爾（Georg Simmel）,社會學基本問題,Y,https://ah.nccu.edu.tw/bitstream/140.119/99634/1/008101.pdf,https://ah.nccu.edu.tw/bitstream/140.119/99634/1/008101.pdf|http://www.shehui.pku.edu.cn/upload/editor/file/20171227/20171227103644_2538.pdf,"""社會學基本問題"" 齊美爾 pdf 下載"
18,社會學,帕森斯（Talcott Parsons）,社會行動的結構,Y,http://www.shehui.pku.edu.cn/upload/editor/file/20201104/20201104135720_8377.pdf,http://www.shehui.pku.edu.cn/upload/editor/file/20201104/20201104135720_8377.pdf|https://www.nhu.edu.tw/~edusoc/bookindex/book/parsons/content.htm,"""社會行動的結構"" 帕森斯 pdf 下載"
20,社會學,帕森斯（Talcott Parsons）,Social System,Y,http://www.csun.edu/~snk1966/Talcott%20Parsons%20-%20An%20Outline%20of%20the%20Social%20System.pdf,http://www.csun.edu/~snk1966/Talcott%20Parsons%20-%20An%20Outline%20of%20the%20Social%20System.pdf|https://voidnetwork.gr/wp-content/uploads/2016/10/The-Social-System-by-Talcott-Parsons.pdf|https://tomek.org/files/the_social_system.pdf|https://idr.uin-antasari.ac.id/471/1/talcotPARSON.pdf|https://egyankosh.ac.in/bitstream/123456789/18973/1/Unit-27.pdf,"""Social System"" Talcott Parsons filetype:pdf"
19,社會學,帕森斯（Talcott Parsons）,現代社會的結構與過程,Y,http://www.shehui.pku.edu.cn/upload/editor/file/20201104/20201104135720_8377.pdf,http://www.shehui.pku.edu.cn/upload/editor/file/20201104/20201104135720_8377.pdf|https://www.cuhk.edu.hk/ics/21c/media/articles/c104-200703098.pdf|http://www.sociology2010.cass.cn/xscg/zxwz/201601/W020160125571521738148.pdf|https://files.core.ac.uk/download/pdf/61166019.pdf|https://shxyj.ajcass.com/Admin/UploadFile/Issue/1ibcl05v.pdf|https://s3.us-west-1.wasabisys.com/p-library/books/7a0fb971d918ae8617dcb1c6569037aa.pdf,"""現代社會的結構與過程"" 帕森斯 pdf 下載"
21,社會學,布迪厄（Pierre Bourdieu）,區分,Y,http://homepage.ntu.edu.tw/~msho/public.files/m33.pdf,http://homepage.ntu.edu.tw/~msho/public.files/m33.pdf|https://www.cuhk.edu.hk/ics/21c/media/articles/c070-200203009.pdf,"""區分"" 布迪厄 pdf 下載"
22,社會學,布迪厄（Pierre Bourdieu）,實踐感,Y,https://monoskop.org/images/8/88/Bourdieu_Pierre_The_Logic_of_Practice_1990.pdf,https://monoskop.org/images/8/88/Bourdieu_Pierre_The_Logic_of_Practice_1990.pdf|https://monoskop.org/File:Bourdieu_Pierre_The_Logic_of_Practice_1990.pdf,The Logic of Practice Bourdieu filetype:pdf (retry-en)
23,社會學,布迪厄（Pierre Bourdieu）,Distinction,Y,https://web.stanford.edu/class/think53/bourdieu17.pdf,https://web.stanford.edu/class/think53/bourdieu17.pdf|https://raggeduniversity.co.uk/wp-content/uploads/2024/09/1_x_Pierre-Bourdieu-Distinction-Routledge-Classics-Routledge.pdf|https://raggeduniversity.co.uk/wp-content/uploads/2025/02/1_x_PierreBourdieuDistinctionASocialCritiqueoftheJudgementofTaste1984_compressed.pdf|https://monoskop.org/File:Pierre_Bourdieu_Distinction_A_Social_Critique_of_the_Judgement_of_Taste_1984.pdf,"""Distinction"" Pierre Bourdieu filetype:pdf"
24,社會學,布迪厄（Pierre Bourdieu）,Logic of Practice,Y,https://monoskop.org/images/8/88/Bourdieu_Pierre_The_Logic_of_Practice_1990.pdf,"https://monoskop.org/images/8/88/Bourdieu_Pierre_The_Logic_of_Practice_1990.pdf|https://monoskop.org/File:Bourdieu_Pierre_The_Logic_of_Practice_1990.pdf|https://eclass-b.uoa.gr/modules/document/file.php/PSPA260/Pierre%20Bourdieu%20et%20al.,%20Richard%20Nice%20-%20The%20Logic%20of%20Practice-Stanford%20University%20Press%20(1992).pdf","""Logic of Practice"" Pierre Bourdieu filetype:pdf"
25,社會學,布迪厄（Pierre Bourdieu）,再生產,Y,http://www.ater.org.tw/journal/article/14-8/all.pdf,http://www.ater.org.tw/journal/article/14-8/all.pdf,"""再生產"" 布迪厄 pdf 下載"
26,社會學,哈伯馬斯（Jürgen Habermas）,公共領域的結構轉型,Y,https://allen-webb-wmu.github.io/website/habermas.pdf,https://allen-webb-wmu.github.io/website/habermas.pdf|https://arditiesp.wordpress.com/wp-content/uploads/2015/01/habermas_structural_transf_public_sphere.pdf|https://courses.ischool.berkeley.edu/i218/s15/Habermas_STBPS_I.Intro.pdf,The Structural Transformation of the Public Sphere Habermas filetype:pdf (retry-en)
27,社會學,哈伯馬斯（Jürgen Habermas）,溝通行動理論,Y,https://teric.naer.edu.tw/wSite/PDFReader?fileName=1576571648725&format=pdf,https://teric.naer.edu.tw/wSite/PDFReader?fileName=1576571648725&format=pdf|https://ah.nccu.edu.tw/bitstream/140.119/33769/9/60507109.pdf|https://www.sharing.com.tw/pdf/5ND02/%E8%A9%A6%E8%AE%80.pdf,"""溝通行動理論"" 哈伯馬斯 pdf 下載"
28,社會學,哈伯馬斯（Jürgen Habermas）,認識與興趣,Y,https://www.sharing.com.tw/pdf/5ND02/%E8%A9%A6%E8%AE%80.pdf,https://www.sharing.com.tw/pdf/5ND02/%E8%A9%A6%E8%AE%80.pdf,"""認識與興趣"" 哈伯馬斯 pdf 下載"
29,社會學,戈夫曼（Erving Goffman）,日常生活中的自我表演,Y,https://archive.org/download/goffmanthepresentationofselfineverydaylife/Goffman%20the%20presentation%20of%20self%20in%20everyday%20life.pdf,https://archive.org/download/goffmanthepresentationofselfineverydaylife/Goffman%20the%20presentation%20of%20self%20in%20everyday%20life.pdf|https://monoskop.org/images/1/19/Goffman_Erving_The_Presentation_of_Self_in_Everyday_Life.pdf|https://cs.brown.edu/courses/csci1300/fall2018/readings/Goffman.pdf,The Presentation of Self in Everyday Life Goffman filetype:pdf (retry-en)
30,社會學,戈夫曼（Erving Goffman）,汙名,Y,https://ia601503.us.archive.org/22/items/in.ernet.dli.2015.264015/2015.264015.Stigma.pdf,https://ia601503.us.archive.org/22/items/in.ernet.dli.2015.264015/2015.264015.Stigma.pdf|https://avalonlibrary.net/Erving_Goffman/Erving%20Goffman%20-%20Stigma_%20Notes%20on%20the%20Management%20of%20Spoiled%20Identity-Prentice%20Hall%20(1963).pdf|https://academicweb.nd.edu/~rwilliam/ndonly/readings/SocProblems/01-GayRightsGayMarriageGayProblems/Stigma_%20Notes%20on%20the%20Management%20of%20Spoiled%20Identity.pdf,Stigma Notes on the Management of Spoiled Identity Goffman filetype:pdf (retry-en)
31,社會學,戈夫曼（Erving Goffman）,互動秩序,Y,https://ocw.aca.ntu.edu.tw/uploads/course_item_file/file/6359/103S202_AA16L01.pdf,https://ocw.aca.ntu.edu.tw/uploads/course_item_file/file/6359/103S202_AA16L01.pdf|http://www.tacws.org/zh-TW/practices/download/journals91/090101.pdf,"""互動秩序"" 戈夫曼 pdf 下載"
32,社會學,鮑曼（Zygmunt Bauman）,現代性與大屠殺,N,,,Modernity and the Holocaust Bauman filetype:pdf (retry-en)
33,社會學,鮑曼（Zygmunt Bauman）,液態現代性,Y,https://giuseppecapograssi.wordpress.com/wp-content/uploads/2014/01/bauman-liquid-modernity.pdf,https://giuseppecapograssi.wordpress.com/wp-content/uploads/2014/01/bauman-liquid-modernity.pdf|https://content.e-bookshelf.de/media/reading/L-3880112-05094665cc.pdf,Liquid Modernity Bauman filetype:pdf (retry-en)
34,社會學,亞當斯密（Adam Smith）,國富論,Y,https://taiwanebook.ncl.edu.tw/zh-tw/book/NCL-000122532/reader,https://taiwanebook.ncl.edu.tw/zh-tw/book/NCL-000122532/reader|https://ips.nsysu.edu.tw/assets/files/20210418030833.pdf|https://upload.wikimedia.org/wikipedia/commons/f/f5/NCL-000122532_%E5%9C%8B%E5%AF%8C%E8%AB%96_v.1.pdf|https://github.com/AndBird/books/blob/master/books/quality%20other/%E4%BC%91%E6%81%AF%E9%98%85%E8%AF%BB/%E7%BB%8F%E6%B5%8E/%E5%9F%BA%E7%A1%80(1)/%E4%BA%9A%E5%BD%93%C2%B7%E6%96%AF%E5%AF%86%E3%80%8A%E5%9B%BD%E5%AF%8C%E8%AE%BA%E3%80%8B%E5%95%86%E5%8A%A1%E5%8D%B0%E4%B9%A6%E9%A6%86.pdf|https://www.haodoo.net/?M=Share&P=0970,"""國富論"" 亞當斯密 pdf 下載"
35,社會學,孔德（Auguste Comte）,實證哲學教程,Y,https://ia902902.us.archive.org/10/items/positivephilosop01comt/positivephilosop01comt.pdf,https://ia902902.us.archive.org/10/items/positivephilosop01comt/positivephilosop01comt.pdf|https://historyofeconomicthought.mcmaster.ca/comte/Philosophy1.pdf|https://historyofeconomicthought.mcmaster.ca/comte/Philosophy3.pdf|https://dhspriory.org/kenny/PhilTexts/Comte/Philosophy2.pdf|https://sites.pitt.edu/~jdnorton/teaching/Empiricism/pdfs/Comte_Positive_Philosophy_Ch_1.pdf,Course of Positive Philosophy Auguste Comte filetype:pdf (retry-en)
36,社會學,阿宏（Raymond Aron）,社會學主要思潮,N,,,Main Currents in Sociological Thought Raymond Aron filetype:pdf (retry-en)
37,心理學,佛洛伊德（Sigmund Freud）,夢的解析,Y,https://archive.org/details/science229_yahoo_20180627_1153,https://archive.org/details/science229_yahoo_20180627_1153|https://magazine.web2.ncku.edu.tw/var/file/70/1070/img/565/p.26-31.pdf,"""夢的解析"" 佛洛伊德 pdf 下載"
38,心理學,佛洛伊德（Sigmund Freud）,圖騰與禁忌,Y,http://homepage.ntu.edu.tw/~bcla/e_book/76/7609.pdf,http://homepage.ntu.edu.tw/~bcla/e_book/76/7609.pdf|https://rc019.ndhu.edu.tw/var/file/56/1056/img/2548/892536052.pdf|http://sssch.net/Admin/ckfinder/userfiles/files/shujixiazai/shujijijin(xinli)/%E5%BC%97%E6%B4%9B%E4%BC%8A%E5%BE%B7%E6%96%87%E9%9B%86/[%E5%BC%97%E6%B4%9B%E4%BC%8A%E5%BE%B7%E6%96%87%E9%9B%868-%E5%9B%BE%E8%85%BE%E4%B8%8E%E7%A6%81%E5%BF%8C].%E6%89%AB%E6%8F%8F%E7%89%88.pdf,"""圖騰與禁忌"" 佛洛伊德 pdf 下載"
39,心理學,佛洛伊德（Sigmund Freud）,文明及其不滿,Y,https://ia801503.us.archive.org/20/items/in.ernet.dli.2015.218475/2015.218475.Civilization-And_text.pdf,https://ia801503.us.archive.org/20/items/in.ernet.dli.2015.218475/2015.218475.Civilization-And_text.pdf|https://ect.humspace.ucla.edu/wp-content/uploads/2025/04/Freud-Civilization-and-Its-Discontents.pdf|https://www.sas.upenn.edu/~cavitch/pdf-library/Freud_SE_Civ_and_Dis_complete.pdf|https://www.stephenhicks.org/wp-content/uploads/2015/10/FreudS-CIVILIZATION-AND-ITS-DISCONTENTS-text-final.pdf,Civilization and Its Discontents Freud filetype:pdf (retry-en)
40,心理學,佛洛伊德（Sigmund Freud）,佛洛伊德作品集,Y,https://archive.org/details/sigmund-freud-standard-edition-vol-24_202504,https://archive.org/details/sigmund-freud-standard-edition-vol-24_202504|https://archive.org/details/standardeditiono01freu|https://archive.org/details/sigmund-freud-standard-edition-vol-24|https://ia601907.us.archive.org/2/items/sigmund-freud-standard-edition-vol-24_202504/sigmund-freud-standard-edition-vol-17-1917-1919.pdf|https://dn721906.ca.archive.org/0/items/sigmund-freud-standard-edition-vol-24/sigmund-freud-standard-edition-vol-15-1915-1916.pdf,"""佛洛伊德作品集"" 佛洛伊德 pdf 下載"
41,心理學,佛洛伊德（Sigmund Freud）,精神分析引論,Y,https://teric.naer.edu.tw/wSite/PDFReader?xmlId=2043631&fileName=1562584110195&format=pdf,https://teric.naer.edu.tw/wSite/PDFReader?xmlId=2043631&fileName=1562584110195&format=pdf,"""精神分析引論"" 佛洛伊德 pdf 下載"
42,心理學,榮格（Carl Jung）,榮格作品集,Y,https://archive.org/details/the-collected-works-of-carl-jung-complete-digital-edition,"https://archive.org/details/the-collected-works-of-carl-jung-complete-digital-edition|https://archive.org/details/collectedworksof16cgju|https://archive.org/download/the-collected-works-of-carl-jung-complete-digital-edition|https://press.princeton.edu/books/ebook/9781400850877/collected-works-of-c-g-jung-volume-12-pdf|https://ia600305.us.archive.org/3/items/collected-works-of-c.-g.-jung-v-9-1-archetypes-and-the-collective-unconscious-c.-g.-jung/Collected%20Works%20of%20C.G.%20Jung,%20v%209;1%20Archetypes%20and%20the%20Collective%20Unconscious%20-%20C.%20G.%20Jung.pdf","""榮格作品集"" 榮格 pdf 下載"
43,心理學,榮格（Carl Jung）,原型與集體無意識,Y,http://nhuir.nhu.edu.tw/retrieve/32133/103NHU00259013-001.pdf,http://nhuir.nhu.edu.tw/retrieve/32133/103NHU00259013-001.pdf,"""原型與集體無意識"" 榮格 pdf 下載"
44,心理學,榮格（Carl Jung）,心理類型,Y,https://www.jungiananalysts.org.uk/wp-content/uploads/2018/07/C.-G.-Jung-Collected-Works-Volume-6_-Psychological-Types.pdf,https://www.jungiananalysts.org.uk/wp-content/uploads/2018/07/C.-G.-Jung-Collected-Works-Volume-6_-Psychological-Types.pdf|https://iaap.org/wp-content/uploads/2021/04/Psychological-Types.pdf|https://jungiancenter.org/wp-content/uploads/2023/09/Vol-6-psychological-types.pdf,Psychological Types Jung filetype:pdf (retry-en)
45,心理學,榮格（Carl Jung）,回憶夢思考,Y,https://pdfs.semanticscholar.org/30f2/823cb7e1d0b2626e771546200f26ffea1ede.pdf,https://pdfs.semanticscholar.org/30f2/823cb7e1d0b2626e771546200f26ffea1ede.pdf,"""回憶夢思考"" 榮格 pdf 下載"
46,心理學,榮格（Carl Jung）,紅書,Y,http://images.china-pub.com/ebook5035001-5040000/5035412/ch01.pdf,http://images.china-pub.com/ebook5035001-5040000/5035412/ch01.pdf,"""紅書"" 榮格 pdf 下載"
47,心理學,馬斯洛（Abraham Maslow）,動機與人格,Y,https://www.sciencetheearth.com/uploads/2/4/6/5/24658156/1954_maslow_motivation_and_personality.pdf,https://www.sciencetheearth.com/uploads/2/4/6/5/24658156/1954_maslow_motivation_and_personality.pdf|https://scottbarrykaufman.com/wp-content/uploads/2015/01/Maslow-1954.pdf|https://www.holybooks.com/wp-content/uploads/Motivation-and-Personality-Maslow.pdf,Motivation and Personality Maslow filetype:pdf (retry-en)
48,心理學,馬斯洛（Abraham Maslow）,存在心理學探索,Y,https://psycnet.apa.org/fulltext/2005-06675-000-FRM.pdf,https://psycnet.apa.org/fulltext/2005-06675-000-FRM.pdf|https://faculty.sfcc.spokane.edu/InetShare/AutoWebs/kimt/maslow%20-%20psych%20of%20health%20into.pdf,Toward a Psychology of Being Maslow filetype:pdf (retry-en)
49,心理學,馬斯洛（Abraham Maslow）,Toward a Psychology of Being,Y,https://faculty.sfcc.spokane.edu/InetShare/AutoWebs/kimt/maslow%20-%20psych%20of%20health%20into.pdf,https://faculty.sfcc.spokane.edu/InetShare/AutoWebs/kimt/maslow%20-%20psych%20of%20health%20into.pdf|https://cdn.bookey.app/files/pdf/book/en/toward-a-psychology-of-being.pdf|https://www.mchip.net/browse/u34H5C/244770/Toward%20A%20Psychology%20Of%20Being%20Abraham%20H%20Maslow.pdf,"""Toward a Psychology of Being"" Abraham Maslow filetype:pdf"
51,心理學,羅傑斯（Carl Rogers）,On Becoming a Person,Y,https://faculty.sfcc.spokane.edu/InetShare/AutoWebs/kimt/rogers%20this%20is%20me.pdf,"https://faculty.sfcc.spokane.edu/InetShare/AutoWebs/kimt/rogers%20this%20is%20me.pdf|https://cdn.bookey.app/files/pdf/book/en/on-becoming-a-person.pdf|https://teots.org/wp-content/uploads/2021/08/On-becoming-a-person-by-Rogers-Carl-R.-z-lib.org_.pdf|https://psy-akademie.at/fileadmin/Media/WPA/Ausbildungen/PSYCHOTHERAPEUTISCHES_PROPAEDEUTIKUM_A-PP/Unterlagen/A.2/Carl_Rogers_On_Becoming_a_Person_Chapter_1_this_is_me.pdf|https://static1.squarespace.com/static/53a32531e4b091cafcdb9985/t/552dbba7e4b00fcead369154/1429060519034/Rogers,C.-A+Process+Conception+Of+Psychotherapy.pdf","""On Becoming a Person"" Carl Rogers filetype:pdf"
50,心理學,羅傑斯（Carl Rogers）,個人形成論,Y,https://faculty.stust.edu.tw/~ccfu/622GEP/GEP04/gep0432/gep0432_01.pdf,https://faculty.stust.edu.tw/~ccfu/622GEP/GEP04/gep0432/gep0432_01.pdf|https://www.angle.com.tw/File/Try/5D266HB.pdf,"""個人形成論"" 羅傑斯 pdf 下載"
52,心理學,羅傑斯（Carl Rogers）,案主中心治療,N,,,Client Centered Therapy Carl Rogers filetype:pdf (retry-en)
53,心理學,佛洛姆（Erich Fromm）,逃避自由,Y,https://cdn.bookey.app/files/pdf/book/en/escape-from-freedom.pdf,https://cdn.bookey.app/files/pdf/book/en/escape-from-freedom.pdf|http://www.sssch.net/Admin/ckfinder/userfiles/files/shujixiazai/shujijijin%28xinli%29/%E5%BC%97%E6%B4%9B%E5%A7%86/%E9%80%83%E9%81%BF%E8%87%AA%E7%94%B1%EF%BC%88%E5%BC%97%E6%B4%9B%E5%A7%86%EF%BC%89%E5%9B%BD%E9%99%85%E6%96%87%E5%8C%96.pdf|http://www.sssch.net/Admin/ckfinder/userfiles/files/shujixiazai/shujijijin%28xinli%29/%E5%BC%97%E6%B4%9B%E5%A7%86/%E9%80%83%E9%81%BF%E8%87%AA%E7%94%B1.pdf|https://edarcipelago.com/classici/erichfromm/escape%20from%20freedom%20-%20erich%20fromm.pdf|http://www.amas.hk/pdf/qita/%E9%80%83%E9%81%BF%E8%87%AA%E7%94%B1%20([%E7%BE%8E]%E8%89%BE%E9%87%8C%E5%B8%8C%20%E5%BC%97%E6%B4%9B%E5%A7%86%EF%BC%9B%20%E5%88%98%E6%9E%97%E6%B5%B7%20%E8%AF%91)%20(z-lib.org).pdf,"""逃避自由"" 佛洛姆 pdf 下載"
54,心理學,佛洛姆（Erich Fromm）,愛的藝術,Y,https://www.vghtc.gov.tw/UploadFiles/WebFiles/WebPagesFiles/Files/94759979-f6f3-446f-aaa6-4f0c38ccdf00/112-3.%E6%84%9B%E7%9A%84%E5%AD%B8%E7%BF%92%E4%B9%8B%E8%B7%AF(%E8%AD%B7%E7%90%86%E9%83%A8-%E8%95%AD%E4%BD%B3%E7%8E%B2).pdf,https://www.vghtc.gov.tw/UploadFiles/WebFiles/WebPagesFiles/Files/94759979-f6f3-446f-aaa6-4f0c38ccdf00/112-3.%E6%84%9B%E7%9A%84%E5%AD%B8%E7%BF%92%E4%B9%8B%E8%B7%AF(%E8%AD%B7%E7%90%86%E9%83%A8-%E8%95%AD%E4%BD%B3%E7%8E%B2).pdf|http://www.sssch.net/Admin/ckfinder/userfiles/files/shujixiazai/shujijijin(xinli)/%E5%BC%97%E6%B4%9B%E5%A7%86/%E7%88%B1%E7%9A%84%E8%89%BA%E6%9C%AF%EF%BC%88%E5%BC%97%E6%B4%9B%E5%A7%86%EF%BC%89%E6%9D%8E%E5%81%A5%E9%B8%A3.pdf|https://www.haodoo.net/?M=book&P=16B3,"""愛的藝術"" 佛洛姆 pdf 下載"
55,心理學,佛洛姆（Erich Fromm）,為自己的人,N,,,Man for Himself Erich Fromm filetype:pdf (retry-en)
56,心理學,佛洛姆（Erich Fromm）,佔有還是存在,Y,https://scholar.harvard.edu/files/ctjhuang/files/1988.be_and_have.pdf,https://scholar.harvard.edu/files/ctjhuang/files/1988.be_and_have.pdf|https://fromm-online.org/wp-content/uploads/reception/Zuo_Danhua_2012.pdf,"""佔有還是存在"" 佛洛姆 pdf 下載"
57,心理學,皮亞傑（Jean Piaget）,發生認識論原理,Y,https://rexresearch1.com/PiagetChildPsychologyLibrary/GeneticEpistemology.pdf,https://rexresearch1.com/PiagetChildPsychologyLibrary/GeneticEpistemology.pdf,Principles of Genetic Epistemology Piaget filetype:pdf (retry-en)
59,心理學,維高斯基（Lev Vygotsky）,思維與語言,Y,https://clame.nyu.edu/fetch.php/E05C8E/311861/vygotsky_1962_thought__and_language__reference.pdf,https://clame.nyu.edu/fetch.php/E05C8E/311861/vygotsky_1962_thought__and_language__reference.pdf|https://img3.reoveme.com/m/bac6393f496a1d08.pdf|https://ftp.goathouserefuge.org/index.jsp/uploaded-files/3350044/Vygotsky_1962_Thought_And_Language_Reference.pdf,"""思維與語言"" 維高斯基 pdf 下載"
60,心理學,維高斯基（Lev Vygotsky）,心智社會,Y,https://home.fau.edu/musgrove/web/vygotsky1978.pdf,https://home.fau.edu/musgrove/web/vygotsky1978.pdf|https://cdn.bookey.app/files/pdf/book/en/mind-in-society.pdf|https://uberty.org/wp-content/uploads/2016/01/Lev_S._Vygotsky_Mind_in_Society.pdf|https://autismusberatung.info/wp-content/uploads/2023/09/Vygotsky-Mind-in-society.pdf|https://w.pauldowling.me/rtf/2021.1/readings/LSVygotsky_1978_MindinSocietyDevelopmentofHigherPsycholo.pdf,"""心智社會"" 維高斯基 pdf 下載"
58,心理學,皮亞傑（Jean Piaget）,兒童的語言與思維,Y,https://www.sec.ntnu.edu.tw/uploads/asset/data/62564127381784d09345bdd4/2003-260-01(02-09).pdf,https://www.sec.ntnu.edu.tw/uploads/asset/data/62564127381784d09345bdd4/2003-260-01(02-09).pdf|https://www.sec.ntnu.edu.tw/uploads/asset/data/672cfa180e0b30dbf712f45e/1978-015-04_19-25_.pdf|https://ed.arte.gov.tw/uploadfile/periodical/3198_p139~pp163.pdf,"""兒童的語言與思維"" 皮亞傑 pdf 下載"
61,心理學,史金納（B.F. Skinner）,科學與人類行為,Y,https://www.bfskinner.org/newtestsite/wp-content/uploads/2014/02/ScienceHumanBehavior.pdf,https://www.bfskinner.org/newtestsite/wp-content/uploads/2014/02/ScienceHumanBehavior.pdf|http://www.behaviorpedia.com/wp-content/uploads/2013/01/Science_and_Human_Behavior.pdf,"""科學與人類行為"" 史金納 pdf 下載"
62,心理學,史金納（B.F. Skinner）,言語行為,Y,https://www.bfskinner.org/wp-content/uploads/2021/07/VB_STUDY_GUIDE.pdf,https://www.bfskinner.org/wp-content/uploads/2021/07/VB_STUDY_GUIDE.pdf,"""言語行為"" 史金納 pdf 下載"
63,心理學,艾瑞克森（Erik Erikson）,童年與社會,Y,https://nagios.bgc.bard.edu/papersCollection/book-search/filedownload.ashx/Childhood%20And%20Society%20Erik%20H%20Erikson.pdf,https://nagios.bgc.bard.edu/papersCollection/book-search/filedownload.ashx/Childhood%20And%20Society%20Erik%20H%20Erikson.pdf|https://netsec.csuci.edu/publication-Documents-download/childhood-and-society-erik-erikson.pdf|https://cdn.bookey.app/files/pdf/book/en/childhood-and-society.pdf,"""童年與社會"" 艾瑞克森 pdf 下載"
64,心理學,艾瑞克森（Erik Erikson）,認同：青年與危機,Y,https://moe.stuy.edu/uploaded-files/YKKAkQ/3S9064/Identity%20Youth%20And%20Crisis%20Erik%20H%20Erikson.pdf,https://moe.stuy.edu/uploaded-files/YKKAkQ/3S9064/Identity%20Youth%20And%20Crisis%20Erik%20H%20Erikson.pdf|https://childdevpsychology.yolasite.com/resources/theory%20of%20identity%20erikson.pdf,"""認同：青年與危機"" 艾瑞克森 pdf 下載"
65,心理學,拉康（Jacques Lacan）,拉康選集,Y,https://s3.us-west-1.wasabisys.com/p-library/books/cfa1f727ce61705c60ff62fa57479ebf.pdf,https://s3.us-west-1.wasabisys.com/p-library/books/cfa1f727ce61705c60ff62fa57479ebf.pdf|http://www.lacanchine.com/Zou_01_files/Zou_01.pdf|https://s3.us-west-1.wasabisys.com/p-library/books/8c7b7ac1aaab6b15e11e7f7648cdb1f8.pdf,"""拉康選集"" 拉康 pdf 下載"
66,心理學,拉康（Jacques Lacan）,Écrits,Y,"http://faculty.las.illinois.edu/rrushing/581b/ewExternalFiles/Lacan,%20Mirror%20Stage.pdf","http://faculty.las.illinois.edu/rrushing/581b/ewExternalFiles/Lacan,%20Mirror%20Stage.pdf|https://ecole-lacanienne.net/wp-content/uploads/2016/04/seminaire_seminario_transcription_ALI_1953_1957-1.pdf|https://www.valas.fr/IMG/pdf/LLLLLacan1.pdf|https://cahiers.kingston.ac.uk/pdf/cpa1.1.lacan.pdf|https://lacanterafreudiana.com.ar/2.4.1%20%20%20ESCRITOS%20LACAN%20FRANCES.ED%20SEOUIL.SILICET.pdf|https://psychaanalyse.com/pdf/lacan_bibliographie_livre_Autres_Ecrits.pdf|https://monoskop.org/File:Jacques_Lacan_Autres_%C3%A9crits_2001.pdf","""Écrits"" Jacques Lacan filetype:pdf"
67,心理學,拉康（Jacques Lacan）,精神分析的四個基本概念,Y,https://bpb-us-e1.wpmucdn.com/sites.psu.edu/dist/9/19778/files/2022/09/lacan-seminars-synopses.pdf,https://bpb-us-e1.wpmucdn.com/sites.psu.edu/dist/9/19778/files/2022/09/lacan-seminars-synopses.pdf|https://dor-a-lacan.com/wp-content/uploads/2021/08/LACAN-PREFACE-ENGLISH-language-edition-of-Seminar-XI-_-17th-May-1976.pdf|https://londonsociety-nls.org.uk/wp-content/uploads/dravers-philip_the-drive-as-a-fundamental-concept-of-psychoanalysis.pdf|https://www.docdroid.net/file/download/sBWNGMh/four-fundamentals-pdf.pdf,"""精神分析的四個基本概念"" 拉康 pdf 下載"
68,人類學,泰勒（Edward Tylor）,原始文化,Y,https://archive.org/download/primitiveculture1tylouoft/primitiveculture1tylouoft.pdf,https://archive.org/download/primitiveculture1tylouoft/primitiveculture1tylouoft.pdf|https://sites.tufts.edu/anth130fall2012/files/2012/09/tylor-excerpts.pdf,Primitive Culture Tylor 1871 filetype:pdf (retry-en)
69,人類學,泰勒（Edward Tylor）,Primitive Culture,Y,https://sites.tufts.edu/anth130fall2012/files/2012/09/tylor-excerpts.pdf,https://sites.tufts.edu/anth130fall2012/files/2012/09/tylor-excerpts.pdf|https://jashm.press.uillinois.edu/10.4/10-4EBTylor_Lienhardt181-186.pdf|http://ndl.ethernet.edu.et/bitstream/123456789/35258/1/26.pdf,"""Primitive Culture"" Edward Tylor filetype:pdf"
70,人類學,馬林諾夫斯基（Bronislaw Malinowski）,西太平洋的航海者,Y,https://monoskop.org/images/4/41/Malinowski_Bronislaw_Argonauts_of_the_Western_Pacific_2002.pdf,https://monoskop.org/images/4/41/Malinowski_Bronislaw_Argonauts_of_the_Western_Pacific_2002.pdf|https://wolnelektury.pl/media/book/pdf/argonauts-of-the-western-pacific.pdf|https://paas.org.pl/wp-content/uploads/2014/07/Malinowski_Argonauts_of_the_Western_Pacific.pdf|https://anth1001.wordpress.com/wp-content/uploads/2012/08/malinowski_excerpts.pdf,Argonauts of the Western Pacific Malinowski filetype:pdf (retry-en)
71,人類學,馬林諾夫斯基（Bronislaw Malinowski）,巫術、科學與宗教,Y,https://monoskop.org/File:Malinowski_Bronislaw_Magic_Science_and_Religion_and_Other_Essays_1948.pdf,https://monoskop.org/File:Malinowski_Bronislaw_Magic_Science_and_Religion_and_Other_Essays_1948.pdf|https://monoskop.org/images/4/41/Malinowski_Bronislaw_Magic_Science_and_Religion_and_Other_Essays_1948.pdf|https://egyankosh.ac.in/bitstream/123456789/18964/1/Unit-23.pdf,"""巫術、科學與宗教"" 馬林諾夫斯基 pdf 下載"
72,人類學,馬林諾夫斯基（Bronislaw Malinowski）,文化論,Y,https://archive.org/details/in.ernet.dli.2015.33987,https://archive.org/details/in.ernet.dli.2015.33987|https://archive.org/details/in.ernet.dli.2015.5699|https://archive.org/details/scientifictheory00mali|https://archive.org/details/scientifictheory0000mali|https://archive.org/details/bwb_T2-DRV-435|https://monoskop.org/images/f/f5/Malinowski_Bronislaw_A_Scientific_Theory_of_Culture_and_Other_Essays_1961.pdf,"""文化論"" 馬林諾夫斯基 pdf 下載"
73,人類學,博厄斯（Franz Boas）,原始人的心智,Y,https://pure.mpg.de/pubman/item/item_2287034/component/file_2287035/Boas_1911_Mindofprimitive.pdf,https://pure.mpg.de/pubman/item/item_2287034/component/file_2287035/Boas_1911_Mindofprimitive.pdf|https://library.uygur.com/Anthropology/The-Mind-of-Primitive-Man-Franz-Boas-1938.pdf|https://ia801505.us.archive.org/4/items/in.ernet.dli.2015.50056/2015.50056.The-Mind-Of-Primitive-Man.pdf,"""原始人的心智"" 博厄斯 pdf 下載"
74,人類學,博厄斯（Franz Boas）,"Race, Language and Culture",Y,https://monoskop.org/images/8/8f/Boas_Franz_Race_Language_and_Culture_1940.pdf,https://monoskop.org/images/8/8f/Boas_Franz_Race_Language_and_Culture_1940.pdf|https://monoskop.org/File:Boas_Franz_Race_Language_and_Culture_1940.pdf|https://www.fadedpage.com/link.php?file=20150313-a5.pdf,"""Race, Language and Culture"" Franz Boas filetype:pdf"
75,人類學,李維-史陀（Claude Lévi-Strauss）,憂鬱的熱帶,Y,https://cdn.bookey.app/files/pdf/book/fr/tristes-tropiques.pdf,https://cdn.bookey.app/files/pdf/book/fr/tristes-tropiques.pdf|https://monoskop.org/File:Levi-Strauss_Claude_Tristes_tropiques_1957.pdf|https://core.ac.uk/download/59173827.pdf|https://ia903200.us.archive.org/18/items/tristes-tropiques/Tristes_Tropiques.pdf,"""憂鬱的熱帶"" 李維-史陀 pdf 下載"
76,人類學,李維-史陀（Claude Lévi-Strauss）,野性的思維,Y,https://web.mit.edu/allanmc/www/levistrauss.pdf,https://web.mit.edu/allanmc/www/levistrauss.pdf|https://cdn.bookey.app/files/pdf/book/en/savage-mind.pdf|https://monoskop.org/images/9/91/Levi-Strauss_Claude_The_Savage_Mind.pdf|https://monoskop.org/File:Levi-Strauss_Claude_The_Savage_Mind.pdf,"""野性的思維"" 李維-史陀 pdf 下載"
77,人類學,李維-史陀（Claude Lévi-Strauss）,結構人類學,Y,https://monoskop.org/File:Levi-Strauss_Claude_Structural_Anthropology_1963.pdf,https://monoskop.org/File:Levi-Strauss_Claude_Structural_Anthropology_1963.pdf|https://egyankosh.ac.in/bitstream/123456789/90652/1/Unit-3.pdf,"""結構人類學"" 李維-史陀 pdf 下載"
78,人類學,薩林斯（Marshall Sahlins）,石器時代經濟學,Y,http://www.faculty.fairfield.edu/dcrawford/sahlins_2012.pdf,http://www.faculty.fairfield.edu/dcrawford/sahlins_2012.pdf|https://cdn.bookey.app/files/pdf/book/en/stone-age-economics.pdf|https://files.libcom.org/files/Sahlins%20-%20Stone%20Age%20Economics.pdf|https://ia801309.us.archive.org/15/items/StoneAgeEconomics_201611/StoneAgeEconomics-MarshallSahlins.pdf,"""石器時代經濟學"" 薩林斯 pdf 下載"
79,人類學,薩林斯（Marshall Sahlins）,甜蜜的悲哀,Y,https://bpb-us-w2.wpmucdn.com/web.sas.upenn.edu/dist/a/151/files/2020/12/Tresch-Sickness-and-Sweetness-Proofs.pdf,https://bpb-us-w2.wpmucdn.com/web.sas.upenn.edu/dist/a/151/files/2020/12/Tresch-Sickness-and-Sweetness-Proofs.pdf|https://web.sas.upenn.edu/jtresch/files/2020/12/Tresch-Sickness-and-Sweetness-Proofs.pdf|https://www.thestudioattheedgeoftheworld.com/uploads/4/7/4/0/47403357/05reviewsahlins-bruce_maumassivechange.pdf,"""甜蜜的悲哀"" 薩林斯 pdf 下載"
80,人類學,薩林斯（Marshall Sahlins）,歷史的隱喻與神話的真實,Y,https://archive.org/details/islandsofhistory00sahl,https://archive.org/details/islandsofhistory00sahl|https://www.academia.edu/10252259/Islands_of_History_Sahlins,"""歷史的隱喻與神話的真實"" 薩林斯 pdf 下載"
81,人類學,葛茨（Clifford Geertz）,文化的詮釋,Y,https://garfield.library.upenn.edu/classics1988/A1988P514100001.pdf,https://garfield.library.upenn.edu/classics1988/A1988P514100001.pdf|https://hci.stanford.edu/courses/cs376/private/readings/geertz_thick_description.pdf|https://cdn.angkordatabase.asia/libs/docs/clifford-geertz-the-interpretation-of-cultures.pdf,"""文化的詮釋"" 葛茨 pdf 下載"
82,人類學,葛茨（Clifford Geertz）,地方知識,Y,https://www.ias.edu/sites/default/files/sss/pdfs/Geertz_NAS_6-10-10.pdf,https://www.ias.edu/sites/default/files/sss/pdfs/Geertz_NAS_6-10-10.pdf|https://monoskop.org/File:Geertz_Clifford_Local_Knowledge_Further_Essays_in_Interpretive_Anthropology_1983.pdf|https://monoskop.org/images/d/d9/Geertz_Clifford_Local_Knowledge_Further_Essays_in_Interpretive_Anthropology_1983.pdf,"""地方知識"" 葛茨 pdf 下載"
83,人類學,葛茨（Clifford Geertz）,在事實之後,Y,https://www.ias.edu/sites/default/files/sss/pdfs/Geertz_NAS_6-10-10.pdf,https://www.ias.edu/sites/default/files/sss/pdfs/Geertz_NAS_6-10-10.pdf|https://philarchive.org/archive/SPRMVP,"""在事實之後"" 葛茨 pdf 下載"
86,人類學,特納（Victor Turner）,The Ritual Process,Y,https://faculty.trinity.edu/mbrown/whatisreligion/PDF%20readings/TurnerVictor-%20Liminality%20and%20Communitas.pdf,https://faculty.trinity.edu/mbrown/whatisreligion/PDF%20readings/TurnerVictor-%20Liminality%20and%20Communitas.pdf|https://cdn.bookey.app/files/pdf/book/en/the-ritual-process.pdf|https://monoskop.org/File:Turner_Victor_The_Ritual_Process_Structure_and_Anti-Structure.pdf|https://monoskop.org/images/9/90/Turner_Victor_The_Ritual_Process_Structure_and_Anti-Structure.pdf,"""The Ritual Process"" Victor Turner filetype:pdf"
84,人類學,特納（Victor Turner）,儀式過程,Y,http://rportal.lib.ntnu.edu.tw/bitstreams/ef285967-47fd-48cd-8c3b-39f1d64211fc/download,http://rportal.lib.ntnu.edu.tw/bitstreams/ef285967-47fd-48cd-8c3b-39f1d64211fc/download,"""儀式過程"" 特納 pdf 下載"
85,人類學,特納（Victor Turner）,象徵之林,Y,https://media.muckrack.com/portfolio/items/14843406/a3f3351f4b148a4da20c73159f73b958.pdf,https://media.muckrack.com/portfolio/items/14843406/a3f3351f4b148a4da20c73159f73b958.pdf|https://ftp.thepearlsf.com/Resources:7304/VictorTurnerTheForestOfSymbols.pdf,"""象徵之林"" 特納 pdf 下載"
87,人類學,莫斯（Marcel Mauss）,禮物,Y,http://web.mit.edu/allanmc/www/mauss2.pdf,http://web.mit.edu/allanmc/www/mauss2.pdf|https://files.libcom.org/files/Mauss%20-%20The%20Gift.pdf|https://haubooks.org/wp-content/uploads/2020/11/Marcel-Mauss-The-Gift-Expanded-Edition-Selected-Annotated-and-Translated-by-Jane-Guyer.pdf|https://monoskop.org/File:Mauss_Marcel_The_Gift_The_Form_and_Functions_of_Exchange_in_Archaic_Societies_1966.pdf,"""禮物"" 莫斯 pdf 下載"
88,人類學,莫斯（Marcel Mauss）,The Gift,Y,http://web.mit.edu/allanmc/www/mauss2.pdf,http://web.mit.edu/allanmc/www/mauss2.pdf|https://files.libcom.org/files/Mauss%20-%20The%20Gift.pdf|https://monoskop.org/File:Mauss_Marcel_The_Gift_The_Form_and_Functions_of_Exchange_in_Archaic_Societies_1966.pdf,"""The Gift"" Marcel Mauss filetype:pdf"
89,人類學,莫斯（Marcel Mauss）,社會學與人類學,Y,https://www.ssoar.info/ssoar/bitstream/handle/document/90053/ssoar-1973-mauss-Sociologie_et_anthropologie.pdf?sequence=1&isAllowed=y&lnkname=ssoar-1973-mauss-Sociologie_et_anthropologie.pdf,https://www.ssoar.info/ssoar/bitstream/handle/document/90053/ssoar-1973-mauss-Sociologie_et_anthropologie.pdf?sequence=1&isAllowed=y&lnkname=ssoar-1973-mauss-Sociologie_et_anthropologie.pdf|https://monoskop.org/images/6/65/Levi-Strauss_Claude_Introduction_to_the_Work_of_Marcel_Mauss.pdf|http://palimpsestes.fr/textes_philo/levi_strauss/surmauss.pdf,"""社會學與人類學"" 莫斯 pdf 下載"
90,人類學,艾文思-普里查（E.E. Evans-Pritchard）,努爾人,Y,https://mahabubjnu.wordpress.com/wp-content/uploads/2013/09/anth201_trussell_chapter09-evans-pritchard.pdf,https://mahabubjnu.wordpress.com/wp-content/uploads/2013/09/anth201_trussell_chapter09-evans-pritchard.pdf|https://assignmentme.com/wp-content/uploads/2019/02/Evans-Pritchard-Anthropology.pdf|https://cdn.bookey.app/files/pdf/book/en/the-nuer.pdf|https://www.egyankosh.ac.in/bitstream/123456789/27542/1/Unit-9.pdf,"""努爾人"" 艾文思-普里查 pdf 下載"
91,人類學,艾文思-普里查（E.E. Evans-Pritchard）,阿贊德人的巫術,Y,https://philsci-archive.pitt.edu/3719/1/Azande_Witchcraft_(PDF).pdf,https://philsci-archive.pitt.edu/3719/1/Azande_Witchcraft_(PDF).pdf|https://dougbafford.com/wp-content/uploads/2025/08/Evans-Pritchard-1937-1976.pdf|https://monoskop.org/File:Evans_Pritchard_E_E_Witchcraft_Oracles_and_Magic_Among_the_Azande_1976.pdf,"""阿贊德人的巫術"" 艾文思-普里查 pdf 下載"
92,人類學,艾文思-普里查（E.E. Evans-Pritchard）,原始宗教理論,Y,https://monoskop.org/File:Evans_Pritchard_E_E_Theories_of_Primitive_Religion_1965.pdf,https://monoskop.org/File:Evans_Pritchard_E_E_Theories_of_Primitive_Religion_1965.pdf|https://monoskop.org/images/e/e1/Evans_Pritchard_E_E_Theories_of_Primitive_Religion_1965.pdf|https://media.neliti.com/media/publications/386651-new-approach-to-religion-an-outlook-to-e-ac555d0c.pdf,"""原始宗教理論"" 艾文思-普里查 pdf 下載"
93,人類學,拉德克利夫-布朗（A.R. Radcliffe-Brown）,原始社會的結構與功能,Y,https://archive.org/download/structurefunctio00radc/structurefunctio00radc.pdf,https://archive.org/download/structurefunctio00radc/structurefunctio00radc.pdf|https://www.bebr.ufl.edu/sites/default/files/Radcliffe-Brown%20-%201940%20-%20On%20Social%20Structure.pdf|https://monoskop.org/File:Brown_Radcliffe_Alfred_Structure_and_Function_in_Primitive_Society_1952.pdf|https://www.forgottenbooks.com/en/download/StructureandFunctioninPrimitiveSociety_10016421.pdf,"""原始社會的結構與功能"" 拉德克利夫-布朗 pdf 下載"
94,近代哲學,笛卡兒（René Descartes）,第一哲學沉思集,Y,https://archive.org/download/RMCG0002/Descartes-Meditations-a1.pdf,https://archive.org/download/RMCG0002/Descartes-Meditations-a1.pdf|https://web.ics.purdue.edu/~drkelly/DescartesMeditationsPSPPEdit1641.pdf|https://yale.learningu.org/download/041e9642-df02-4eed-a895-70e472df2ca4/H2665_Descartes'%20Meditations.pdf|https://personal.lse.ac.uk/ROBERT49/teaching/ph103/pdf/Descartes_1641Meditations.pdf,"""第一哲學沉思集"" 笛卡兒 pdf 下載"
95,近代哲學,笛卡兒（René Descartes）,方法導論,Y,http://dt.pepperdine.edu/courses/greatbooks_iii/gbiii%20fall%202007/descartes.pdf,"http://dt.pepperdine.edu/courses/greatbooks_iii/gbiii%20fall%202007/descartes.pdf|https://users.manchester.edu/Facstaff/SSNaragon/Online/100-FYS-F16/Readings/Descartes,%20DiscourseMethod.pdf|https://web.stanford.edu/~jsabol/certainty/readings/Descartes_DM6_english.pdf|https://upload.wikimedia.org/wikipedia/commons/0/0b/Descartes'_Discourse.pdf|https://earlymoderntexts.com/assets/pdfs/descartes1637.pdf","""方法導論"" 笛卡兒 pdf 下載"
96,近代哲學,笛卡兒（René Descartes）,笛卡兒哲學原理,Y,https://www.earlymoderntexts.com/assets/pdfs/descartes1644.pdf,https://www.earlymoderntexts.com/assets/pdfs/descartes1644.pdf|https://www.earlymoderntexts.com/assets/pdfs/descartes1644part1.pdf|https://phil971-2022.colinmclear.net/materials/readings/descartes-principles-I.pdf|https://www.templeofearth.com/books/principlesofphilosophy.pdf,"""笛卡兒哲學原理"" 笛卡兒 pdf 下載"
97,近代哲學,斯賓諾莎（Baruch Spinoza）,神學政治論,Y,https://www.earlymoderntexts.com/assets/pdfs/spinoza1669.pdf,"https://www.earlymoderntexts.com/assets/pdfs/spinoza1669.pdf|https://commons.wikimedia.org/wiki/File:Benedictus_de_Spinoza_-_Tractatus_theologico-politicus,_1670.pdf|https://oll-resources.s3.us-east-2.amazonaws.com/oll3/store/titles/1710/Spinoza_1321.01_EBk_v6.0.pdf|https://www.faculty.umb.edu/gary_zabel/Courses/Spinoza/Texts/Tractatus_Theologico_politicus.pdf",Tractatus Theologico-Politicus Spinoza filetype:pdf (retry-en)
98,近代哲學,斯賓諾莎（Baruch Spinoza）,知性改進論,Y,https://www.columbia.edu/~jrm2182/Morrison%20-%20Spinoza%20-%20Truth%20in%20the%20Emendation.pdf,https://www.columbia.edu/~jrm2182/Morrison%20-%20Spinoza%20-%20Truth%20in%20the%20Emendation.pdf|https://citeseerx.ist.psu.edu/document?repid=rep1&type=pdf&doi=33c499e56d2d080a91ba3b0ef5537124283f622e|https://homepages.uc.edu/~martinj/Spinoza_&_Hobbes/English/Spinoza%20-%20Complete%20Works%20(2002).pdf|https://www.files.ethz.ch/isn/125505/5036_Spinoza_On_the_Improvement_of_Understanding.pdf,"""知性改進論"" 斯賓諾莎 pdf 下載"
99,近代哲學,萊布尼茲（Gottfried Leibniz）,單子論,Y,https://homepages.uc.edu/~martinj/History_of_Logic/Leibniz/Leibniz%20-%20Monadology.pdf,"https://homepages.uc.edu/~martinj/History_of_Logic/Leibniz/Leibniz%20-%20Monadology.pdf|https://eclass.uoa.gr/modules/document/file.php/PHS726/03d%20Leibniz%20-%20Monadology,%20%C2%A751-62.pdf|https://e-space.mmu.ac.uk/622962/3/Monadology.pdf","""單子論"" 萊布尼茲 pdf 下載"
100,近代哲學,萊布尼茲（Gottfried Leibniz）,神義論,Y,https://www.uvm.edu/~lderosse/courses/intro/leibniz_theodicy.pdf,"https://www.uvm.edu/~lderosse/courses/intro/leibniz_theodicy.pdf|https://homepages.uc.edu/~martinj/Philosophy%20and%20Religion/Problem_of_Evil,_Free_Will_and_Determinism/Leibniz%20-%20Theodicy.pdf|https://rintintin.colorado.edu/~vancecd/phil1020/Leibniz.pdf|https://risingtidefoundation.net/wp-content/uploads/2019/08/theodicy-leibniz.pdf|https://link.springer.com/content/pdf/10.1007/978-94-007-5031-9.pdf","""神義論"" 萊布尼茲 pdf 下載"
101,近代哲學,萊布尼茲（Gottfried Leibniz）,人類理智新論,Y,https://www.earlymoderntexts.com/assets/pdfs/leibniz1705book1.pdf,https://www.earlymoderntexts.com/assets/pdfs/leibniz1705book1.pdf|https://www.earlymoderntexts.com/assets/pdfs/leibniz1705book2_1.pdf|https://www.earlymoderntexts.com/assets/pdfs/leibniz1705book4.pdf|https://philpapers.org/archive/LEITSL.pdf|https://earlymoderntexts.com/assets/jfb/leibne.pdf,"""人類理智新論"" 萊布尼茲 pdf 下載"
102,近代哲學,休謨（David Hume）,人類理解研究,Y,https://web.stanford.edu/~davies/Symbsys100-Spring0708/Hume%20-%20Symbsys100%20-%202008%20-%20excerpt.pdf,https://web.stanford.edu/~davies/Symbsys100-Spring0708/Hume%20-%20Symbsys100%20-%202008%20-%20excerpt.pdf|https://www.earlymoderntexts.com/assets/pdfs/hume1748.pdf|https://historyofeconomicthought.mcmaster.ca/hume/enquiry.pdf|http://debracollege.dspaces.org/bitstream/123456789/489/1/An%20Enquiry%20concerning%20Human%20Understanding.pdf|https://fitelson.org/confirmation/hume_enquiry.pdf,"""人類理解研究"" 休謨 pdf 下載"
103,近代哲學,休謨（David Hume）,宗教的自然史,Y,https://cdn.bookey.app/files/pdf/book/en/the-dialoguesnatural-history-of-religion.pdf,https://cdn.bookey.app/files/pdf/book/en/the-dialoguesnatural-history-of-religion.pdf|https://www.earlymoderntexts.com/assets/pdfs/hume1757_1.pdf|https://spiritual-minds.com/religion/philosophy/Philosophy%20-%20David%20Hume%20-%20The%20Natural%20History%20of%20Religion.pdf|https://oll-resources.s3.us-east-2.amazonaws.com/oll3/store/titles/340/Hume_0211_EBk_v6.0.pdf,"""宗教的自然史"" 休謨 pdf 下載"
104,近代哲學,黑格爾（G.W.F. Hegel）,精神現象學,Y,https://files.libcom.org/files/Georg%20Wilhelm%20Friedrich%20Hegel%20-%20The%20Phenomenology%20of%20Spirit%20(Michael%20Inwood%20Translation).pdf,https://files.libcom.org/files/Georg%20Wilhelm%20Friedrich%20Hegel%20-%20The%20Phenomenology%20of%20Spirit%20(Michael%20Inwood%20Translation).pdf|https://cominsitu.wordpress.com/wp-content/uploads/2023/03/georg-w.-f.-hegel-phenomenology-of-spirit-a.-v.-miller-translation.pdf|https://www.e-skop.com/images/UserFiles/Documents/Editor/Hegel-Phenomenology%20of%20Spirit.pdf|https://ia601604.us.archive.org/17/items/laibach-neue-slowenische-kunst/georg-wilhelm-friedrich-hegel-the-phenomenology-of-spirit-translated-by-peter-fuss-and-john-dobbins%20(2).pdf|https://www.marxists.org/reference/archive/hegel/works/ph/pinkard-translation-of-phenomenology.pdf,"""精神現象學"" 黑格爾 pdf 下載"
105,近代哲學,黑格爾（G.W.F. Hegel）,法哲學原理,Y,https://archive.org/download/cu31924014578979/cu31924014578979.pdf,https://archive.org/download/cu31924014578979/cu31924014578979.pdf|https://cdn.bookey.app/files/pdf/book/en/hegel's-philosophy-of-right.pdf|https://historyofeconomicthought.mcmaster.ca/hegel/right.pdf|https://www.marxists.org/reference/archive/hegel/works/pr/philosophy-of-right.pdf,"""法哲學原理"" 黑格爾 pdf 下載"
106,近代哲學,黑格爾（G.W.F. Hegel）,歷史哲學講演錄,Y,https://archive.org/download/g-w-f-hegel-introduction-to-the-philosophy-of-history/g-w-f-hegel-introduction-to-the-philosophy-of-history.pdf,https://archive.org/download/g-w-f-hegel-introduction-to-the-philosophy-of-history/g-w-f-hegel-introduction-to-the-philosophy-of-history.pdf|https://antilogicalism.com/wp-content/uploads/2016/12/hegel_history_v2_final.pdf|https://historyofeconomicthought.mcmaster.ca/hegel/history.pdf|https://hegel.net/hegelwerke/Sibree1894-Lectures_on_the_Philosophy_of_History.pdf,"""歷史哲學講演錄"" 黑格爾 pdf 下載"
107,近代哲學,黑格爾（G.W.F. Hegel）,美學講演錄,Y,https://campuspress.yale.edu/karstenharries/files/2012/09/Hegels-Introduction-to-Aesthetics2-1z4cky6.pdf,https://campuspress.yale.edu/karstenharries/files/2012/09/Hegels-Introduction-to-Aesthetics2-1z4cky6.pdf|http://www.sophia-project.org/uploads/1/3/9/5/13955288/hegel_aesthetics.pdf|https://kups.ub.uni-koeln.de/25027/1/Mo39_HegelsAesthetics_ub.pdf,"""美學講演錄"" 黑格爾 pdf 下載"
108,近代哲學,謝林（F.W.J. Schelling）,先驗唯心論體系,Y,https://epublications.marquette.edu/context/phil_fac/article/1782/viewcontent/Vater_11273pubacc.pdf,https://epublications.marquette.edu/context/phil_fac/article/1782/viewcontent/Vater_11273pubacc.pdf|https://epublications.marquette.edu/cgi/viewcontent.cgi?filename=0&article=1782&context=phil_fac&type=additional|https://philpapers.org/archive/FISTEO-23.pdf|http://www.kritike.org/journal/issue_11/aurelio_june2012.pdf|https://monoskop.org/images/1/17/Schelling_Friedrich_First_Outline_of_a_System_of_the_Philosophy_of_Nature.pdf,"""先驗唯心論體系"" 謝林 pdf 下載"
109,近代哲學,謝林（F.W.J. Schelling）,啟示哲學,Y,https://www.asau.ru/files/pdf/3030877.pdf,https://www.asau.ru/files/pdf/3030877.pdf|https://philarchive.org/archive/MEZPAP-4|https://butler.elsevierpure.com/ws/portalfiles/portal/39758761/Solov_v%20and%20Schellings%20Philosophy%20of%20Revelation.pdf|https://link.springer.com/content/pdf/10.1007/978-94-009-5051-1_4.pdf,"""啟示哲學"" 謝林 pdf 下載"
110,近代哲學,費希特（Johann Fichte）,知識學基礎,Y,https://archive.org/download/thescienceofknow00fichuoft/thescienceofknow00fichuoft.pdf,https://archive.org/download/thescienceofknow00fichuoft/thescienceofknow00fichuoft.pdf|https://cpb-us-w2.wpmucdn.com/voices.uchicago.edu/dist/f/106/files/2012/05/Fichte-The-Science-of-Knowledge-sec-1-3.pdf|https://antilogicalism.com/wp-content/uploads/2017/07/science-of-knowledge.pdf,"""知識學基礎"" 費希特 pdf 下載"
111,近代哲學,費希特（Johann Fichte）,對德意志民族的演講,Y,https://archive.org/download/addressestogerma00fich/addressestogerma00fich.pdf,https://archive.org/download/addressestogerma00fich/addressestogerma00fich.pdf|https://tradition.st/wp-content/uploads/2024/12/Johann-Fichte-Addresses-to-the-German-Nation.pdf|https://ghdi.ghi-dc.org/pdf/eng/12_EnlightPhilos_Doc.8_English.pdf|https://libraryofagartha.com/Philosophy/Traditionalism/Tradition%20Publishing%20Company/Johann%20Fichte%20-%20Addresses%20to%20the%20German%20Nation.pdf|https://germanhistorydocs.org/en/the-holy-roman-empire-1648-1815/johann-gottlieb-fichte-quot-addresses-to-the-german-nation-quot-1807-08.pdf,"""對德意志民族的演講"" 費希特 pdf 下載"
112,近代哲學,齊克果（Søren Kierkegaard）,恐懼與顫慄,Y,https://cdn.bookey.app/files/pdf/book/en/fear-and-trembling.pdf,"https://cdn.bookey.app/files/pdf/book/en/fear-and-trembling.pdf|https://www.jrbooksonline.com/PDF_Books_added2009-2/FearAndTrembling.pdf|https://media.sabda.org/alkitab-2/Religion-Online.org%20Books/Kierkegaard,%20Soren%20-%20Fear%20and%20Trembling.pdf|https://www.sorenkierkegaard.nl/artikelen/Engels/101.%20Fear%20and%20Trembling%20book%20Kierkegaard.pdf|https://ia601306.us.archive.org/32/items/kierkegaards-fear-and-trembling-a-critical-guide/Kierkegaard's%20Fear%20and%20Trembling%20A%20Critical%20Guide.pdf","""恐懼與顫慄"" 齊克果 pdf 下載"
113,近代哲學,齊克果（Søren Kierkegaard）,非此即彼,Y,https://cdn.bookey.app/files/pdf/book/en/either-or.pdf,https://cdn.bookey.app/files/pdf/book/en/either-or.pdf|https://ia903203.us.archive.org/13/items/in.ernet.dli.2015.188763/2015.188763.Either-Or-Vol-Ii_text.pdf,"""非此即彼"" 齊克果 pdf 下載"
114,近代哲學,齊克果（Søren Kierkegaard）,致死之病,Y,https://wedgeblade.net/files/archives_assets/2845.pdf,https://wedgeblade.net/files/archives_assets/2845.pdf|https://www.lancasterlawoffice.com/wp-content/uploads/Kierkegaard-Sickness-Unto-Death5.pdf|https://cdn.bookey.app/files/pdf/book/en/sickness-unto-death.pdf|https://ia601400.us.archive.org/32/items/in.ernet.dli.2015.189042/2015.189042.The-Sickness-Unto-Death_text.pdf|https://erikreads.files.wordpress.com/2014/02/sickness-unto-death.pdf,"""致死之病"" 齊克果 pdf 下載"
115,近代哲學,齊克果（Søren Kierkegaard）,哲學片段,Y,http://faculty.winthrop.edu/oakesm/PHIL101/Web1/readings/Kierkegaard.pdf,http://faculty.winthrop.edu/oakesm/PHIL101/Web1/readings/Kierkegaard.pdf|https://hume.ucdavis.edu/phi151/kierkegaard_handout2.pdf|https://antilogicalism.com/wp-content/uploads/2017/07/philosophical-fragments.pdf|https://static1.squarespace.com/static/53b59f96e4b089bf6ae90076/t/6000a78d570c9f2410ad2250/1610655630007/Kierkegaard+-+Philosophical+Fragments.pdf,"""哲學片段"" 齊克果 pdf 下載"
116,近代哲學,維根斯坦（Ludwig Wittgenstein）,哲學研究,Y,https://centerforgermanphilosophy.uchicago.edu/wp-content/uploads/2024/05/28-32-Anscombe-Monolingual-Edition.pdf,https://centerforgermanphilosophy.uchicago.edu/wp-content/uploads/2024/05/28-32-Anscombe-Monolingual-Edition.pdf|https://static1.squarespace.com/static/54889e73e4b0a2c1f9891289/t/564b61a4e4b04eca59c4d232/1447780772744/Ludwig.Wittgenstein.-.Philosophical.Investigations.pdf,"""哲學研究"" 維根斯坦 pdf 下載"
117,近代哲學,維根斯坦（Ludwig Wittgenstein）,論確實性,Y,https://www.britishwittgensteinsociety.org/wp-content/uploads/documents/crit_ntce_readings_witt_on_certainty.pdf,https://www.britishwittgensteinsociety.org/wp-content/uploads/documents/crit_ntce_readings_witt_on_certainty.pdf|https://emergenceofrelativism.weebly.com/uploads/7/6/7/1/76714317/00_kusch_wittgensteins_on_certainty_and_relativism.pdf|https://files01.core.ac.uk/download/pdf/131205688.pdf,"""論確實性"" 維根斯坦 pdf 下載"
118,近代哲學,懷海德（Alfred North Whitehead）,過程與實在,Y,https://cobb.institute/wp-content/uploads/pdfs/Process_and_Reality-Part_V.pdf,https://cobb.institute/wp-content/uploads/pdfs/Process_and_Reality-Part_V.pdf|http://www.palmyreoomen.nl/uploads/pdf's/A.N.Whitehead_Process-and-Reality.pdf|https://cdn.bookey.app/files/pdf/book/en/process-and-reality.pdf|https://monoskop.org/File:Whitehead_Alfred_North_Process_and_Reality_corr_ed_1978.pdf|https://mars1980.github.io/Space/resources/WhiteheadProcessReality.pdf,"""過程與實在"" 懷海德 pdf 下載"
119,近代哲學,懷海德（Alfred North Whitehead）,科學與現代世界,Y,https://shapin.scholars.harvard.edu/file_url/108,https://shapin.scholars.harvard.edu/file_url/108|https://cdn.bookey.app/files/pdf/book/en/science-and-the-modern-world.pdf|https://link.springer.com/content/pdf/10.1007/978-94-010-1085-6_6.pdf|https://www.achrafkassioui.com/library/Alfred%20North%20Whitehead%20-%20Science%20and%20the%20Modern%20World.pdf,"""科學與現代世界"" 懷海德 pdf 下載"
120,現象學,梅洛-龐蒂（Maurice Merleau-Ponty）,知覺現象學,Y,"http://faculty.las.illinois.edu/rrushing/581b/ewExternalFiles/Merleau-Ponty,%20Phenom%20of%20Perception%20Selections.pdf","http://faculty.las.illinois.edu/rrushing/581b/ewExternalFiles/Merleau-Ponty,%20Phenom%20of%20Perception%20Selections.pdf|https://voidnetwork.gr/wp-content/uploads/2016/09/Phenomenology-of-Perception-by-Maurice-Merleau-Ponty.pdf|https://topologicalmedialab.net/xinwei/classes/readings/Merleau-Ponty/Merleau-Ponty_Phenomenology_of_Perception_Landes_000_lxix.pdf|http://timothyquigley.net/cont/merleau-ponty-pp_preface.pdf|https://ia600600.us.archive.org/17/items/G.BachelardThePoeticsOfSpace/Phenomenology%20of%20Perception.pdf","""知覺現象學"" 梅洛-龐蒂 pdf 下載"
121,現象學,梅洛-龐蒂（Maurice Merleau-Ponty）,可見的與不可見的,Y,"http://faculty.las.illinois.edu/rrushing/581b/ewExternalFiles/Merleau-Ponty,%20The%20Visible%20and%20the%20Invisible%20selections.pdf","http://faculty.las.illinois.edu/rrushing/581b/ewExternalFiles/Merleau-Ponty,%20The%20Visible%20and%20the%20Invisible%20selections.pdf|https://philpapers.org/archive/ALSAPO.pdf|https://discovery.ucl.ac.uk/id/eprint/10125384/1/Merleau-Ponty%20on%20Veridical%20Perception%20and%20the%20Paradox%20of%20the%20Flesh-%20a%20Reading%20of%20The%20Visible%20and%20Invisible%20.pdf|https://monoskop.org/File:Merleau_Ponty_Maurice_The_Visible_and_the_Invisible_1968.pdf","""可見的與不可見的"" 梅洛-龐蒂 pdf 下載"
122,現象學,梅洛-龐蒂（Maurice Merleau-Ponty）,符號,N,,,Signs Merleau-Ponty filetype:pdf (retry-en)
123,現象學,舒茲（Alfred Schutz）,社會世界的意義建構,Y,https://bccibank-insights.com/sites/default/files/uploads/files/The%20Phenomenology%20of%20the%20Social%20World_0.pdf,https://bccibank-insights.com/sites/default/files/uploads/files/The%20Phenomenology%20of%20the%20Social%20World_0.pdf|https://dermotmoran.com/wp-content/uploads/2020/05/A_2017_The-phenomenology-of-the-social-world.pdf|https://pdfs.semanticscholar.org/9182/893a139b952778059b1b84f563656bb18c85.pdf,"""社會世界的意義建構"" 舒茲 pdf 下載"
124,現象學,舒茲（Alfred Schutz）,舒茲論文集,Y,https://link.springer.com/content/pdf/10.1007/978-94-007-1515-8.pdf,https://link.springer.com/content/pdf/10.1007/978-94-007-1515-8.pdf|https://link.springer.com/content/pdf/10.1007/978-94-017-1077-0.pdf|https://is.muni.cz/el/fss/podzim2016/SOC755a/um/Schutz_1972_-_The_Stranger.pdf,"""舒茲論文集"" 舒茲 pdf 下載"
125,現象學,列維納斯（Emmanuel Levinas）,整體與無限,Y,https://ur.bc.edu/system/files/2025-04/bc-ir101265.pdf,https://ur.bc.edu/system/files/2025-04/bc-ir101265.pdf|https://cdn.bookey.app/files/pdf/book/en/totality-and-infinity.pdf|https://ia601705.us.archive.org/32/items/tibetan-book-of-the-dead/Totality%20And%20Infinity_text.pdf,"""整體與無限"" 列維納斯 pdf 下載"
126,現象學,列維納斯（Emmanuel Levinas）,別樣存在,Y,http://link.springer.com/content/pdf/10.1007%2F978-94-015-7906-3.pdf,http://link.springer.com/content/pdf/10.1007%2F978-94-015-7906-3.pdf|https://monoskop.org/images/f/f9/The_Levinas_Reader_1989.pdf|https://karolinum.cz/data/clanek/9828/Interpret_10_1_0142.pdf,"""別樣存在"" 列維納斯 pdf 下載"
127,現象學,列維納斯（Emmanuel Levinas）,倫理與無限,Y,https://www.ijasr.org/paper/IJASR0042787.pdf,https://www.ijasr.org/paper/IJASR0042787.pdf|https://pesa.org.au/images/papers/2012-papers-English/E18.pdf|https://monoskop.org/images/f/f9/The_Levinas_Reader_1989.pdf,"""倫理與無限"" 列維納斯 pdf 下載"
128,現象學,呂格爾（Paul Ricœur）,時間與敘事,Y,https://www.nu.edu.ye/wp-content/uploads/2014/05/Paul-Ricoeur-Time-and-Narrative-vol1.pdf,https://www.nu.edu.ye/wp-content/uploads/2014/05/Paul-Ricoeur-Time-and-Narrative-vol1.pdf|https://hcommons.org/app/uploads/sites/1000608/2017/06/Notes_for_a_Discussion_of_Ricoeurs_Time.pdf|https://www.terapiacognitiva.eu/cpc/dwl/pr/P01504-ex.pdf,"""時間與敘事"" 呂格爾 pdf 下載"
129,現象學,呂格爾（Paul Ricœur）,活的隱喻,Y,http://library.mibckerala.org/lms_frame/eBook/Ricoeur - The Rule of Metaphor (Routledge).pdf,http://library.mibckerala.org/lms_frame/eBook/Ricoeur - The Rule of Metaphor (Routledge).pdf,"""活的隱喻"" 呂格爾 pdf 下載"
130,現象學,呂格爾（Paul Ricœur）,解釋的衝突,Y,https://link.springer.com/content/pdf/10.1007%2F978-1-349-25934-2_14.pdf,https://link.springer.com/content/pdf/10.1007%2F978-1-349-25934-2_14.pdf,"""解釋的衝突"" 呂格爾 pdf 下載"
131,現象學,呂格爾（Paul Ricœur）,從文本到行動,Y,https://ricoeur.pitt.edu/ojs/index.php/ricoeur/article/download/383/190,https://ricoeur.pitt.edu/ojs/index.php/ricoeur/article/download/383/190|https://ijhss.thebrpi.org/journals/Vol_7_No_11_November_2017/3.pdf,"""從文本到行動"" 呂格爾 pdf 下載"
132,現象學,加達默爾（Hans-Georg Gadamer）,真理與方法,Y,https://web.mit.edu/kaclark/www/gadamer_truth_and_method.pdf,https://web.mit.edu/kaclark/www/gadamer_truth_and_method.pdf|https://cdn.bookey.app/files/pdf/book/en/truth-and-method-by-hans-georg-gadamer.pdf|https://www.zukunftsphilologie.de/fileadmin/pdf/zukunftsphilologie/lecture-cum-seminar/2014-01-16_Gadamer_Truth_and_Method______Part_III_Chpt_1.pdf,"""真理與方法"" 加達默爾 pdf 下載"
133,現象學,加達默爾（Hans-Georg Gadamer）,哲學詮釋學,Y,https://nicksmithphilosophy.com/wp-content/uploads/2021/05/gadamer2.pdf,"https://nicksmithphilosophy.com/wp-content/uploads/2021/05/gadamer2.pdf|https://www.obinfonet.ro/docs/herm/hermex/gadamer%20Philosophical%20Hermeneutics/Gadamer,%20H-G%20-%20Philosophical%20Hermeneutics%20(Yale,%201976).pdf|https://www.crvp.org/publications/Series-I/I-27.pdf|https://metajournal.org/articles_pdf/286-303-regan-meta8-tehno-r1.pdf","""哲學詮釋學"" 加達默爾 pdf 下載"
134,現象學,德里達（Jacques Derrida）,書寫與差異,Y,https://cdn.bookey.app/files/pdf/book/en/writing-and-difference.pdf,https://cdn.bookey.app/files/pdf/book/en/writing-and-difference.pdf|http://timothyquigley.net/cont/derrida-differance(bass).pdf|https://monoskop.org/File:Derrida_Jacques_Writing_and_Difference_1978.pdf|https://monoskop.org/images/8/84/Derrida_Jacques_Writing_and_Difference_1978.pdf|https://www.basearts.com/curriculum/PDF/theory/3745-writing_and_difference_1978.pdf,"""書寫與差異"" 德里達 pdf 下載"
135,現象學,德里達（Jacques Derrida）,論文字學,Y,https://www.unisa.ac.za/static/corporate_web/Content/Colleges/CHS/News/Events/Docs/Of%20Grammatology.%20Jacques%20Derrida.pdf,https://www.unisa.ac.za/static/corporate_web/Content/Colleges/CHS/News/Events/Docs/Of%20Grammatology.%20Jacques%20Derrida.pdf|https://monoskop.org/File:Derrida_Jacques_Of_Grammatology_1998.pdf|https://monoskop.org/images/8/8e/Derrida_Jacques_Of_Grammatology_1998.pdf|https://monoskop.org/File:Derrida_Jacques_Of_Grammatology_1st_edition_1976.pdf,"""論文字學"" 德里達 pdf 下載"
136,現象學,德里達（Jacques Derrida）,馬克思的幽靈,Y,"https://files.libcom.org/files/Derrida%20-%20Specters%20of%20Marx%20-%20The%20State%20of%20the%20Debt,%20the%20Work%20of%20Mourning%20and%20the%20New%20International.pdf","https://files.libcom.org/files/Derrida%20-%20Specters%20of%20Marx%20-%20The%20State%20of%20the%20Debt,%20the%20Work%20of%20Mourning%20and%20the%20New%20International.pdf|https://cdn.bookey.app/files/pdf/book/en/specters-of-marx.pdf|https://platypus1917.org/wp-content/uploads/readings/postonederridamarx.pdf|http://blog.wbkolleg.unibe.ch/wp-content/uploads/Derrida_Specters-of-Marx_Extract.pdf|https://eclass.upatras.gr/modules/document/file.php/PHIL2037/__Ghostly_Demarcations__A_Symposium_on_Jacques_Derrida__039_s_Specters_of_Marx.pdf","""馬克思的幽靈"" 德里達 pdf 下載"
137,現象學,阿岡本（Giorgio Agamben）,神聖人,Y,https://fadingtheaesthetic.wordpress.com/wp-content/uploads/2013/09/the-camp-as-biopolitical-paradigm-of-the-modern-homo-sacer-3.pdf,https://fadingtheaesthetic.wordpress.com/wp-content/uploads/2013/09/the-camp-as-biopolitical-paradigm-of-the-modern-homo-sacer-3.pdf|https://cdn.bookey.app/files/pdf/book/en/homo-sacer.pdf|https://construcciondeidentidades.wordpress.com/wp-content/uploads/2014/11/giorgio_agamben-homo_sacer__sovereign_power_and_bare_life__-stanford_university_press1998.pdf|https://monoskop.org/File:Agamben_Giorgio_Homo_sacer_Suverena_moc_i_goli_zivot.pdf|https://www.thing.net/~rdom/ucsd/biopolitics/HomoSacer.pdf,"""神聖人"" 阿岡本 pdf 下載"
138,現象學,阿岡本（Giorgio Agamben）,例外狀態,Y,https://www1.cmc.edu/pages/faculty/LdelaDurantaye/Agambens_State_of_Exception.pdf,https://www1.cmc.edu/pages/faculty/LdelaDurantaye/Agambens_State_of_Exception.pdf|https://pure.uva.nl/ws/files/904437/82935_318203.pdf|https://www.ejil.org/pdfs/17/3/208.pdf,"""例外狀態"" 阿岡本 pdf 下載"
139,現象學,阿岡本（Giorgio Agamben）,餘下的時間,Y,https://ecommons.luc.edu/cgi/viewcontent.cgi?article=1018&context=theology_facpubs,https://ecommons.luc.edu/cgi/viewcontent.cgi?article=1018&context=theology_facpubs|https://vtechworks.lib.vt.edu/bitstream/10919/46776/1/The_Schmittian_Messiah_in_Agamben%27s_The_Time.pdf|https://repository.ubn.ru.nl/bitstream/handle/2066/160852/160852.pdf,"""餘下的時間"" 阿岡本 pdf 下載"
140,現象學,柏格森（Henri Bergson）,創造進化論,Y,https://ia601605.us.archive.org/view_archive.php?archive=%2F33%2Fitems%2FGutenbergENzip%2F06.zip&file=Creative+Evolution+-+Henri+Bergson%2C+2008+%28177p%29.pdf,https://ia601605.us.archive.org/view_archive.php?archive=%2F33%2Fitems%2FGutenbergENzip%2F06.zip&file=Creative+Evolution+-+Henri+Bergson%2C+2008+%28177p%29.pdf|http://www.evolocus.com/Textbooks/Bergson1998.pdf|http://topologicalmedialab.net/xinwei/classes/readings/Bergson/Bergson_CE_chap1.pdf|https://www.isnature.org/Events/2009/Summer/r/Bergson1911-Creative_Evolution.pdf,"""創造進化論"" 柏格森 pdf 下載"
141,現象學,柏格森（Henri Bergson）,物質與記憶,Y,http://images.xhbtr.com/v2/pdfs/1616/Bergson_Henri_Matter-and-Memory-35-46-.pdf,http://images.xhbtr.com/v2/pdfs/1616/Bergson_Henri_Matter-and-Memory-35-46-.pdf|https://cdn.bookey.app/files/pdf/book/en/matter-and-memory.pdf|https://philpapers.org/archive/PERBPO.pdf|https://www.reasoned.org/dir/lit/matter_and_memory.pdf,"""物質與記憶"" 柏格森 pdf 下載"
142,現象學,柏格森（Henri Bergson）,時間與自由意志,Y,https://cdn.bookey.app/files/pdf/book/en/time-and-free-will.pdf,https://cdn.bookey.app/files/pdf/book/en/time-and-free-will.pdf|https://pure.qub.ac.uk/files/636676439/Freedom_as_retroactivity_in_Bergson_s_Time_and_Free_Will.pdf|https://ispcjournal.org/journals/2018-21/Marchesinii_PhC_vol_21_2018.pdf,"""時間與自由意志"" 柏格森 pdf 下載"
144,神學,拉納（Karl Rahner）,神學論集,Y,https://theologicalstudies.net/wp-content/uploads/2022/08/55.4.1.pdf,https://theologicalstudies.net/wp-content/uploads/2022/08/55.4.1.pdf|https://theologicalstudies.net/wp-content/uploads/2022/08/46.4.2.pdf|https://www.saintjameslancaster.org/wp-content/uploads/2024/12/Forum-24-Fall-Karl-Rahner.pdf,"""神學論集"" 拉納 pdf 下載"
145,神學,拉納（Karl Rahner）,Theological Investigations,Y,https://www.saintjameslancaster.org/wp-content/uploads/2024/12/Forum-24-Fall-Karl-Rahner.pdf,https://www.saintjameslancaster.org/wp-content/uploads/2024/12/Forum-24-Fall-Karl-Rahner.pdf|https://theologicalstudies.net/wp-content/uploads/2022/08/55.4.1.pdf,"""Theological Investigations"" Karl Rahner filetype:pdf"
146,神學,拉納（Karl Rahner）,基督教信仰的基礎,Y,https://fbcclassroom.com/wp-content/uploads/2022/09/Karl-Rahner_-Theology-and-Philosophy-PDFDrive-.pdf,https://fbcclassroom.com/wp-content/uploads/2022/09/Karl-Rahner_-Theology-and-Philosophy-PDFDrive-.pdf|https://camden.bucey.org/wp-content/uploads/2016/04/WTS_Doctrine_of_Christ_Rahner_lecture_2016-04-28_handout.pdf|https://assets-us-01.kc-usercontent.com/c7bb3f89-eb78-007e-971a-d5864cf7a236/45651f6b-eb4c-462f-874f-99d4e083983f/Rahner---Foundations---0-Intro-Gen.-Reflections-and-Epist.-Problem.pdf|https://biblicalstudies.org.uk/pdf/churchman/093-03_253.pdf,Das Problem des geistigen Seins Hartmann filetype:pdf (retry-en)
143,現象學,尼可萊‧哈特曼（Nicolai Hartmann）,精神生活的本體論,N,,,"""精神生活的本體論"" 尼可萊‧哈特曼 pdf 下載"
147,神學,莫特曼（Jürgen Moltmann）,希望神學,Y,https://biblicalstudies.org.uk/pdf/vox/vol06/moltmann_connell.pdf,"https://biblicalstudies.org.uk/pdf/vox/vol06/moltmann_connell.pdf|https://media.sabda.org/alkitab-2/Religion-Online.org%20Books/Moltman,%20Jurgen%20-%20Theology%20of%20Hope.pdf","""希望神學"" 莫特曼 pdf 下載"
148,神學,莫特曼（Jürgen Moltmann）,三位一體與上帝國,Y,https://www.um.edu.mt/library/oar/bitstream/123456789/122705/1/Reading_Moltmanns_The_Trinity_and_the_Kingdom_of_God_in_an_ethical_key_2022.pdf,https://www.um.edu.mt/library/oar/bitstream/123456789/122705/1/Reading_Moltmanns_The_Trinity_and_the_Kingdom_of_God_in_an_ethical_key_2022.pdf|https://theologicalstudies.net/wp-content/uploads/2022/08/51.4.5.pdf|https://www.bethanyipcmm.org/wp-content/uploads/2020/09/Moltmann-J-1993-The-Trinity-and-the-Kingdom-Doctrine-of-God-Fortress.pdf|https://assets-global.website-files.com/62bb300806141fa8a759beb0/63496c4dc85fc763004ec13f_G&S_wk%204.%20Moltmann_The%20Trinity%20and%20the%20Kingdom%20of%20God%20-%20seminar%20reading.pdf|https://www.tyndalebulletin.org/article/30272-the-theology-of-the-cross-as-theology-of-the-trinity-a-critique-of-jurgen-moltmann-s-staurocentric-trinitarianism.pdf,"""三位一體與上帝國"" 莫特曼 pdf 下載"
149,神學,布特曼（Rudolf Bultmann）,新約神學,Y,https://etsjets.org/wp-content/uploads/2013/05/files_JETS-PDFs_5_5-3_BETS_5-3_91-97_Ladd.pdf,https://etsjets.org/wp-content/uploads/2013/05/files_JETS-PDFs_5_5-3_BETS_5-3_91-97_Ladd.pdf|https://theologicalstudies.net/wp-content/uploads/2022/08/30.2.3.pdf|https://theologicalstudies.org.uk/pdf/uccf/bultmann_webster.pdf|https://api.pageplace.de/preview/DT0400.9783110806632_A20711691/preview-9783110806632_A20711691.pdf,"""新約神學"" 布特曼 pdf 下載"
150,神學,布特曼（Rudolf Bultmann）,歷史與末世論,Y,https://samuelmpowell.com/wp-content/uploads/2015/07/history-and-eschatology-in-the-thought-of-wolfhart-pannenberg.pdf,https://samuelmpowell.com/wp-content/uploads/2015/07/history-and-eschatology-in-the-thought-of-wolfhart-pannenberg.pdf|https://scholarlypublishingcollective.org/sblpress/jbl/article-pdf/77/3/244/990800/3264104.pdf,"""歷史與末世論"" 布特曼 pdf 下載"
151,神學,布特曼（Rudolf Bultmann）,Jesus Christ and Mythology,Y,https://digitalcommons.butler.edu/cgi/viewcontent.cgi?article=1991&context=facsch_papers,"https://digitalcommons.butler.edu/cgi/viewcontent.cgi?article=1991&context=facsch_papers|https://ia800603.us.archive.org/32/items/JesusChristAndMythology/Jesus%20Christ%20and%20Mythology.pdf|https://www.wjir.org/download_data/WJIR1401018.pdf|https://media.sabda.org/alkitab-2/Religion-Online.org%20Books/Bultmann,%20Rudolf,%20et.%20al.%20-%20Kerygma%20and%20Myth.pdf","""Jesus Christ and Mythology"" Rudolf Bultmann filetype:pdf"
152,神學,田立克（Paul Tillich）,系統神學,Y,https://people.bu.edu/wwildman/tillich/resources/syllabus%20-%20Gelwick%20-%20The%20Theology%20and%20Ethics%20of%20Paul%20Tillich%20-%20ST1728P%202008.pdf,https://people.bu.edu/wwildman/tillich/resources/syllabus%20-%20Gelwick%20-%20The%20Theology%20and%20Ethics%20of%20Paul%20Tillich%20-%20ST1728P%202008.pdf|https://cdn.bookey.app/files/pdf/book/en/systematic-theology--vol-1.pdf|https://www.thetbs.org/study-materials/wp-content/uploads/2023/03/Systematic-Theology-vol.-II-Existence-and-the-Christ-by-Paul-Tillich-z-lib.org_.pdf|https://media.sabda.org/alkitab-2/PDF%20Books/00054%20Tillich%20Systematic%20Theology.pdf,"""系統神學"" 田立克 pdf 下載"
153,神學,田立克（Paul Tillich）,存在的勇氣,Y,https://psychxspirit.com/wp-content/uploads/2021/11/Paul-Tillich-The-Courage-to-Be-Yale-University-Press-2000.pdf,https://psychxspirit.com/wp-content/uploads/2021/11/Paul-Tillich-The-Courage-to-Be-Yale-University-Press-2000.pdf|https://cdn.bookey.app/files/pdf/book/en/the-courage-to-be.pdf|https://scispace.com/pdf/the-courage-to-be-anxious-paul-tillich-s-existential-15shti8uab.pdf,"""存在的勇氣"" 田立克 pdf 下載"
154,神學,田立克（Paul Tillich）,信仰的動力,Y,https://www.betheluniversityonline.net/cps/Portals/0/DropBox/960_20120711161150Z_tillich_on_faith.pdf,https://www.betheluniversityonline.net/cps/Portals/0/DropBox/960_20120711161150Z_tillich_on_faith.pdf|https://assets-us-01.kc-usercontent.com/c7bb3f89-eb78-007e-971a-d5864cf7a236/ec782449-c91b-407b-a744-b1b696af1f9e/Tillich-1957-Dynamics-of-Faith-What-Faith-Is.pdf,"""信仰的動力"" 田立克 pdf 下載"
155,神學,潘霍華（Dietrich Bonhoeffer）,追隨基督,Y,https://cdn.bookey.app/files/pdf/book/en/the-cost-of-discipleship.pdf,https://cdn.bookey.app/files/pdf/book/en/the-cost-of-discipleship.pdf|https://mattdabbs.com/wp-content/uploads/sites/4/2013/09/costofdiscipleship-bonhoeffer-peterhorne.pdf|https://df34e017f9c26b9c7b00-b8e800764aa7fb8b32de2e07e74ef69f.ssl.cf2.rackcdn.com/uploaded/t/0e8233652_1547052993_the-cost-of-discipleship-bonhoeffer-pdf.pdf,"""追隨基督"" 潘霍華 pdf 下載"
156,神學,潘霍華（Dietrich Bonhoeffer）,團契生活,Y,https://cdn.bookey.app/files/pdf/book/en/life-together.pdf,https://cdn.bookey.app/files/pdf/book/en/life-together.pdf|https://stpaulsnicosiacom.wordpress.com/wp-content/uploads/2017/02/life-together-book-english-january-2017.pdf|https://static1.squarespace.com/static/518c65fee4b0887d9a39138d/t/5827e7aab3db2b0f3d311bf5/1479010229503/Life+Together_Eng.pdf|https://cdn.subsplash.com/documents/S5B96Z/_source/f867aec7-959a-4a5b-bdfd-607be975be34/document.pdf|https://vinechurch.com.au/media/pdf/Life_Together_Chp1.pdf|https://www.bethelcupertino.org/adults/2014_Fun_With_Faith/A_Study_of_Life_Together_by_Dietrich_Bonhoeffer.pdf,"""團契生活"" 潘霍華 pdf 下載"
157,神學,潘霍華（Dietrich Bonhoeffer）,Discipleship,Y,https://www.calvin.edu/library/database/crcpi/fulltext/ctj/2009-442-333.pdf,https://www.calvin.edu/library/database/crcpi/fulltext/ctj/2009-442-333.pdf|https://mattdabbs.com/wp-content/uploads/sites/4/2013/09/costofdiscipleship-bonhoeffer-peterhorne.pdf|https://cdn.bookey.app/files/pdf/book/en/the-cost-of-discipleship.pdf|https://ms.augsburgfortress.org/downloads/9781506402703_Editor's%20Introduction%20to%20the%20Reader's%20Edition.pdf,"""Discipleship"" Dietrich Bonhoeffer filetype:pdf"
158,神學,尼布爾（Reinhold Niebuhr）,道德的人與不道德的社會,Y,"https://media.sabda.org/alkitab-2/Religion-Online.org%20Books/Niebuhr,%20Reinhold%20-%20Moral%20Man%20and%20Immoral%20Society%20-%20Study%20in.pdf","https://media.sabda.org/alkitab-2/Religion-Online.org%20Books/Niebuhr,%20Reinhold%20-%20Moral%20Man%20and%20Immoral%20Society%20-%20Study%20in.pdf","""道德的人與不道德的社會"" 尼布爾 pdf 下載"
159,神學,尼布爾（Reinhold Niebuhr）,人的本性與命運,Y,https://pmoser.sites.luc.edu/acgarnettarchive/Garnett%20Review%20of%20Niebuhr%20CC%201943.pdf,https://pmoser.sites.luc.edu/acgarnettarchive/Garnett%20Review%20of%20Niebuhr%20CC%201943.pdf|http://pmoser.sites.luc.edu/idolanon/NiebuhrDiscerning.pdf|https://cdn.bookey.app/files/pdf/book/en/the-nature-and-destiny-of-man--vol-1.pdf|https://theologicalstudies.net/wp-content/uploads/2022/08/5.1.4.pdf|https://www.acpssus.org/docs/acpss23proc/acpss23-07ren.pdf,"""人的本性與命運"" 尼布爾 pdf 下載"
160,神學,巴爾塔薩（Hans Urs von Balthasar）,神劇,Y,http://ndl.ethernet.edu.et/bitstream/123456789/73338/1/33.pdf.pdf,http://ndl.ethernet.edu.et/bitstream/123456789/73338/1/33.pdf.pdf|https://theologicalstudies.net/wp-content/uploads/2024/06/Is-There-an-End-to-the-Theatrical-Play_-Hans-Urs-von-Balthasars-Understanding-of-the-Beatific-Vision-in-Relation-to-the-Theo-Drama.pdf|https://theologicalstudies.net/wp-content/uploads/2022/08/60.1.3.pdf|https://isidore.co/misc/Res%20pro%20Deo/Journals/The%20Thomist%20(1941-2024)/2000_Volume64_Number4.pdf,"""神劇"" 巴爾塔薩 pdf 下載"
161,神學,巴爾塔薩（Hans Urs von Balthasar）,天主教真理,N,,,Catholicism von Balthasar filetype:pdf (retry-en)
162,神學,龐恩貝格（Wolfgang Pannenberg）,系統神學,Y,"https://www.anselm.edu/sites/default/files/Documents/Institute%20of%20SA%20Studies/AnselmPannenbergRev,%20pub.pdf","https://www.anselm.edu/sites/default/files/Documents/Institute%20of%20SA%20Studies/AnselmPannenbergRev,%20pub.pdf|https://digitalcommons.andrews.edu/cgi/viewcontent.cgi?article=2465&context=auss|https://www.andrews.edu/library/car/cardigital/Periodicals/AUSS/1994-1/1994-1-29.pdf|https://theologicalstudies.net/wp-content/uploads/2022/11/14-Whapham-Introduction-to-Wolfhart-Pannenberg_s.pdf|https://2024site.metachristianity.com/wp-content/uploads/2023/10/pannenberg-on-divine-personhood-by-theodore-james-whapham.pdf","""系統神學"" 龐恩貝格 pdf 下載"
163,神學,龐恩貝格（Wolfgang Pannenberg）,Systematic Theology,Y,https://digitalcommons.andrews.edu/cgi/viewcontent.cgi?article=2465&context=auss,https://digitalcommons.andrews.edu/cgi/viewcontent.cgi?article=2465&context=auss|https://www.andrews.edu/library/car/cardigital/Periodicals/AUSS/1994-1/1994-1-29.pdf|https://theologicalstudies.net/wp-content/uploads/2022/11/14-Whapham-Introduction-to-Wolfhart-Pannenberg_s.pdf,"""Systematic Theology"" Wolfgang Pannenberg filetype:pdf"
164,神學,郝爾沃斯（Stanley Hauerwas）,和平的國度,N,,,The Peaceable Kingdom Hauerwas filetype:pdf (retry-en)
165,神學,郝爾沃斯（Stanley Hauerwas）,品格的群體,Y,https://digitalcommons.liberty.edu/cgi/viewcontent.cgi?article=1352&context=eleu,https://digitalcommons.liberty.edu/cgi/viewcontent.cgi?article=1352&context=eleu|https://ms.augsburgfortress.org/downloads/9781451477917Chapter1.pdf|https://link.springer.com/content/pdf/10.1007/978-94-015-8654-2_4.pdf,"""品格的群體"" 郝爾沃斯 pdf 下載"
166,神學,葛倫斯（Gustaf Aulén）,勝利者基督,Y,https://journals.aiias.edu/jaas/article/download/610/556,https://journals.aiias.edu/jaas/article/download/610/556|https://ctsfw.net/media/pdfs/EvensonCritiqueAulensChristusVictor.pdf|https://cdn.bookey.app/files/pdf/book/en/christus-victor.pdf,"""勝利者基督"" 葛倫斯 pdf 下載"
167,神學,葛倫斯（Gustaf Aulén）,Christus Victor,Y,https://journals.aiias.edu/jaas/article/download/610/556,https://journals.aiias.edu/jaas/article/download/610/556|https://ctsfw.net/media/pdfs/EvensonCritiqueAulensChristusVictor.pdf|https://cdn.bookey.app/files/pdf/book/en/christus-victor.pdf,"""Christus Victor"" Gustaf Aulén filetype:pdf"
168,神學,齊克果（Søren Kierkegaard）,恐懼與顫慄,Y,https://cdn.bookey.app/files/pdf/book/en/fear-and-trembling.pdf,"https://cdn.bookey.app/files/pdf/book/en/fear-and-trembling.pdf|https://www.jrbooksonline.com/PDF_Books_added2009-2/FearAndTrembling.pdf|https://ia601306.us.archive.org/32/items/kierkegaards-fear-and-trembling-a-critical-guide/Kierkegaard's%20Fear%20and%20Trembling%20A%20Critical%20Guide.pdf|https://www.sorenkierkegaard.nl/artikelen/Engels/101.%20Fear%20and%20Trembling%20book%20Kierkegaard.pdf|https://media.sabda.org/alkitab-2/Religion-Online.org%20Books/Kierkegaard,%20Soren%20-%20Fear%20and%20Trembling.pdf","""恐懼與顫慄"" 齊克果 pdf 下載"
169,神學,齊克果（Søren Kierkegaard）,致死的疾病,Y,https://wedgeblade.net/files/archives_assets/2845.pdf,https://wedgeblade.net/files/archives_assets/2845.pdf|https://cdn.bookey.app/files/pdf/book/en/sickness-unto-death.pdf|https://www.lancasterlawoffice.com/wp-content/uploads/Kierkegaard-Sickness-Unto-Death5.pdf|https://erikreads.files.wordpress.com/2014/02/sickness-unto-death.pdf|https://ia601400.us.archive.org/32/items/in.ernet.dli.2015.189042/2015.189042.The-Sickness-Unto-Death_text.pdf,"""致死的疾病"" 齊克果 pdf 下載"
